time,cpu_busy_pct,load1,mem_avail_GB,page_cache_GB,swap_used_GB,gpu_temp_C,gpu_power_W,gpu_util_pct,gpu_sm_MHz,gpu_throttle,acpi_max_C,nvme_C,nic_max_C,containers,procs
2026-09-30T18:46:02,0.5,0.05126953125,117.2,0.4,0.0,40.0,4.83,0.0,208.0,0x0000000000000000,42.8,38.85,47.0,0,527
2026-09-30T18:46:12,0.1,0.04296875,117.2,0.5,0.0,40.0,4.76,0.0,208.0,0x0000000000000004,42.8,38.85,47.0,,528
2026-09-30T18:46:22,0.1,0.03564453125,117.2,0.5,0.0,40.0,4.9,0.0,208.0,0x0000000000000000,42.7,38.85,47.0,,524
2026-09-30T18:46:39,0.0,0.0927734375,117.2,0.5,0.0,40.0,4.81,0.0,208.0,0x0000000000000004,42.7,38.85,47.0,0,524
2026-09-30T18:46:50,2.6,0.15185546875,117.1,0.8,0.0,41.0,12.01,0.0,2567.0,0x0000000000000000,43.4,38.85,47.0,,525
2026-09-30T18:47:00,0.9,0.208984375,117.1,1.1,0.0,41.0,5.32,0.0,208.0,0x0000000000000000,43.8,38.85,47.0,,533
2026-09-30T18:47:10,1.4,0.25048828125,117.0,2.2,0.0,41.0,4.94,0.0,208.0,0x0000000000000000,43.9,38.85,48.0,0,533
2026-09-30T18:47:20,1.4,0.21142578125,117.0,3.4,0.0,41.0,5.1,0.0,208.0,0x0000000000000000,43.9,38.85,47.0,,533
2026-09-30T18:47:30,1.6,0.1787109375,117.0,4.5,0.0,41.0,5.15,0.0,208.0,0x0000000000000000,45.0,38.85,47.0,,533
2026-09-30T18:47:40,1.4,0.15087890625,117.0,5.6,0.0,41.0,5.16,0.0,208.0,0x0000000000000000,44.1,38.85,47.0,0,529
2026-09-30T18:47:50,1.5,0.12744140625,117.0,6.7,0.0,41.0,4.98,0.0,208.0,0x0000000000000004,44.3,38.85,48.0,,529
2026-09-30T18:48:00,1.7,0.107421875,117.0,7.8,0.0,41.0,4.98,0.0,208.0,0x0000000000000000,46.1,38.85,48.0,,529
2026-09-30T18:48:10,1.5,0.09033203125,116.9,8.9,0.0,41.0,5.26,0.0,208.0,0x0000000000000000,44.5,38.85,48.0,0,523
2026-09-30T18:48:20,1.4,0.23095703125,116.9,10.0,0.0,41.0,5.05,0.0,208.0,0x0000000000000000,44.3,38.85,48.0,,523
2026-09-30T18:48:30,1.4,0.26904296875,116.9,11.1,0.0,41.0,5.05,0.0,208.0,0x0000000000000000,44.3,38.85,48.0,,523
2026-09-30T18:48:40,1.7,0.22705078125,116.9,12.2,0.0,41.0,5.07,0.0,208.0,0x0000000000000004,44.8,38.85,48.0,0,523
2026-09-30T18:48:50,1.6,0.27197265625,116.9,13.3,0.0,41.0,4.98,0.0,208.0,0x0000000000000004,44.9,38.85,48.0,,524
2026-09-30T18:49:00,1.3,0.22998046875,116.9,14.4,0.0,41.0,5.0,0.0,208.0,0x0000000000000000,44.9,38.85,48.0,,521
2026-09-30T18:49:10,1.8,0.1943359375,116.9,15.5,0.0,41.0,5.16,0.0,208.0,0x0000000000000004,45.0,39.85,48.0,0,522
2026-09-30T18:49:21,1.0,0.1640625,116.8,16.6,0.0,41.0,5.13,0.0,208.0,0x0000000000000000,43.9,38.85,48.0,,519
2026-09-30T18:49:31,0.9,0.138671875,116.9,17.7,0.0,41.0,4.94,0.0,208.0,0x0000000000000004,43.9,38.85,48.0,,518
2026-09-30T18:49:41,1.1,0.19775390625,116.9,18.8,0.0,41.0,5.03,0.0,208.0,0x0000000000000000,44.1,39.85,48.0,0,519
2026-09-30T18:49:51,3.9,0.24755859375,116.9,19.1,0.0,41.0,5.01,0.0,208.0,0x0000000000000000,50.8,39.85,48.0,,508
2026-09-30T18:50:01,1.6,0.208984375,116.9,19.1,0.0,41.0,4.89,0.0,208.0,0x0000000000000004,43.8,38.85,48.0,,503
2026-09-30T18:50:11,2.2,0.4169921875,98.9,19.4,0.0,42.0,12.39,19.0,2411.0,0x0000000000000000,47.8,40.85,48.0,0,511
2026-09-30T18:50:21,5.1,0.5068359375,95.1,19.4,0.0,43.0,12.0,0.0,2411.0,0x0000000000000000,57.7,39.85,49.0,,511
2026-09-30T18:50:31,5.0,0.5830078125,93.5,19.5,0.0,44.0,12.15,0.0,2411.0,0x0000000000000000,58.7,39.85,49.0,,505
2026-09-30T18:50:41,5.0,0.6474609375,93.4,19.5,0.0,44.0,12.16,0.0,2411.0,0x0000000000000000,58.3,39.85,50.0,0,505
2026-09-30T18:50:51,8.4,0.7021484375,93.0,19.6,0.0,51.0,43.45,91.0,2535.0,0x0000000000000000,59.8,39.85,51.0,,505
2026-09-30T18:51:01,7.2,0.59375,93.0,19.6,0.0,46.0,12.42,0.0,2405.0,0x0000000000000000,47.8,39.85,51.0,,499
2026-09-30T18:51:11,0.1,0.501953125,93.1,19.6,0.0,45.0,12.12,0.0,2405.0,0x0000000000000000,46.8,39.85,51.0,0,499
2026-09-30T18:51:21,0.1,0.42431640625,93.1,19.6,0.0,45.0,12.15,0.0,2405.0,0x0000000000000000,46.8,39.85,51.0,,501
2026-09-30T18:51:31,0.1,0.35888671875,93.1,19.6,0.0,45.0,12.32,0.0,2405.0,0x0000000000000000,46.8,39.85,50.0,,500
2026-09-30T18:51:42,0.0,0.30322265625,93.1,19.6,0.0,44.0,12.11,0.0,2405.0,0x0000000000000000,46.4,39.85,50.0,0,500
2026-09-30T18:51:52,0.6,0.25634765625,93.1,19.6,0.0,44.0,12.37,0.0,2405.0,0x0000000000000000,46.5,39.85,50.0,,501
2026-09-30T18:52:02,0.0,0.21630859375,93.1,19.6,0.0,44.0,12.12,0.0,2405.0,0x0000000000000000,45.8,39.85,50.0,,501
2026-09-30T18:52:12,0.1,0.1826171875,93.1,19.6,0.0,44.0,12.14,0.0,2405.0,0x0000000000000000,45.8,39.85,50.0,0,501
2026-09-30T18:52:22,1.8,0.23486328125,93.1,19.7,0.0,44.0,12.12,0.0,2405.0,0x0000000000000000,46.4,39.85,50.0,,502
2026-09-30T18:52:32,0.3,0.1982421875,93.1,19.7,0.0,44.0,12.1,0.0,2405.0,0x0000000000000000,45.9,39.85,50.0,,502
2026-09-30T18:52:42,0.0,0.16748046875,93.1,19.7,0.0,44.0,12.05,0.0,2405.0,0x0000000000000000,45.8,39.85,50.0,0,503
2026-09-30T18:52:52,0.4,0.2216796875,93.1,19.7,0.0,44.0,12.22,0.0,2405.0,0x0000000000000000,45.8,39.85,50.0,,503
2026-09-30T18:53:02,2.5,0.18701171875,92.9,19.9,0.0,45.0,12.34,0.0,2405.0,0x0000000000000000,47.2,40.85,51.0,,558
2026-09-30T18:53:12,4.5,0.3056640625,92.8,20.1,0.0,45.0,12.53,0.0,2405.0,0x0000000000000000,48.6,41.85,51.0,0,522
2026-09-30T18:53:22,6.2,0.486328125,92.9,20.1,0.0,45.0,12.36,0.0,2405.0,0x0000000000000000,47.9,40.85,51.0,,570
2026-09-30T18:53:32,1.7,0.49169921875,92.9,20.1,0.0,45.0,12.24,0.0,2405.0,0x0000000000000000,46.9,40.85,51.0,,530
2026-09-30T18:53:42,5.2,0.49609375,92.8,20.2,0.0,45.0,12.58,0.0,2405.0,0x0000000000000000,50.6,40.85,51.0,0,579
2026-09-30T18:53:52,7.3,0.41943359375,92.7,20.2,0.0,46.0,12.44,0.0,2405.0,0x0000000000000000,48.7,40.85,51.0,,567
2026-09-30T18:54:02,3.2,0.51513671875,92.8,20.2,0.0,45.0,12.58,0.0,2405.0,0x0000000000000000,49.0,41.85,52.0,,595
2026-09-30T18:54:13,8.0,1.03857421875,92.7,20.2,0.0,46.0,12.59,0.0,2405.0,0x0000000000000000,49.0,40.85,51.0,8,566
2026-09-30T18:54:23,3.8,0.958984375,92.8,20.2,0.0,46.0,12.79,0.0,2405.0,0x0000000000000000,49.5,40.85,52.0,,558
2026-09-30T18:54:33,7.5,1.734375,92.6,20.2,0.0,46.0,12.62,0.0,2405.0,0x0000000000000000,49.5,41.85,52.0,,571
2026-09-30T18:54:43,4.1,1.46728515625,92.7,20.2,0.0,46.0,12.78,0.0,2405.0,0x0000000000000000,50.5,41.85,52.0,5,561
2026-09-30T18:54:53,7.7,1.70361328125,92.7,20.2,0.0,46.0,12.56,0.0,2405.0,0x0000000000000000,48.8,41.85,52.0,,567
2026-09-30T18:55:03,5.5,1.44140625,92.7,20.2,0.0,46.0,12.6,0.0,2405.0,0x0000000000000000,49.9,41.85,52.0,,604
2026-09-30T18:55:13,5.7,1.52099609375,92.7,20.2,0.0,46.0,12.49,0.0,2405.0,0x0000000000000000,49.0,41.85,52.0,8,571
2026-09-30T18:55:23,5.7,1.52734375,92.7,20.2,0.0,47.0,12.66,0.0,2405.0,0x0000000000000000,50.3,41.85,52.0,,611
2026-09-30T18:55:33,5.7,1.6806640625,92.7,20.2,0.0,47.0,12.5,0.0,2405.0,0x0000000000000000,49.2,41.85,53.0,,569
2026-09-30T18:55:43,6.6,1.501953125,92.6,20.2,0.0,47.0,12.78,0.0,2405.0,0x0000000000000000,51.3,41.85,53.0,7,618
2026-09-30T18:55:53,4.9,1.87353515625,92.7,20.2,0.0,47.0,12.6,0.0,2405.0,0x0000000000000000,49.2,41.85,52.0,,572
2026-09-30T18:56:03,5.9,2.14599609375,92.7,20.2,0.0,47.0,12.54,0.0,2405.0,0x0000000000000000,50.7,41.85,53.0,,616
2026-09-30T18:56:13,5.4,1.962890625,92.7,20.2,0.0,47.0,12.5,0.0,2405.0,0x0000000000000000,49.2,41.85,52.0,8,572
2026-09-30T18:56:23,6.7,1.74072265625,92.7,20.2,0.0,47.0,12.78,0.0,2405.0,0x0000000000000000,51.3,42.85,53.0,,612
2026-09-30T18:56:34,5.1,2.0146484375,92.7,20.2,0.0,47.0,12.63,0.0,2405.0,0x0000000000000000,50.3,41.85,53.0,,570
2026-09-30T18:56:44,6.4,2.40673828125,92.7,20.2,0.0,47.0,12.62,0.0,2405.0,0x0000000000000000,50.6,42.85,53.0,7,617
2026-09-30T18:56:54,9.5,2.1162109375,92.6,20.2,0.0,47.0,12.7,0.0,2405.0,0x0000000000000000,51.9,41.85,53.0,,571
2026-09-30T18:57:04,3.1,1.7900390625,92.8,20.2,0.0,47.0,12.6,0.0,2405.0,0x0000000000000000,49.1,42.85,53.0,,587
2026-09-30T18:57:14,0.7,1.701171875,92.9,20.2,0.0,47.0,12.47,0.0,2405.0,0x0000000000000000,48.8,41.85,53.0,2,547
2026-09-30T18:57:24,1.2,1.439453125,93.0,20.2,0.0,46.0,12.47,0.0,2405.0,0x0000000000000000,48.8,41.85,52.0,,531
2026-09-30T18:57:34,9.9,1.4580078125,92.4,20.6,0.0,47.0,12.79,0.0,2405.0,0x0000000000000000,54.4,42.85,52.0,,562
2026-09-30T18:57:44,25.5,1.7626953125,92.3,21.5,0.0,48.0,12.84,0.0,2405.0,0x0000000000000000,63.4,42.85,53.0,4,557
2026-09-30T18:57:54,21.8,2.03955078125,92.0,21.6,0.0,59.0,59.81,91.0,2515.0,0x0000000000000000,69.0,42.85,56.0,,561
2026-09-30T18:58:04,29.3,1.87939453125,92.1,21.6,0.0,61.0,59.46,90.0,2509.0,0x0000000000000000,71.4,42.85,58.0,,564
2026-09-30T18:58:14,24.7,2.544921875,92.1,21.6,0.0,63.0,61.21,91.0,2496.0,0x0000000000000000,72.7,42.85,60.0,4,560
2026-09-30T18:58:24,42.7,3.0439453125,92.2,21.6,0.0,64.0,47.41,95.0,2509.0,0x0000000000000000,77.2,43.85,63.0,,558
2026-09-30T18:58:34,23.5,4.04931640625,92.2,21.6,0.0,58.0,14.74,0.0,2405.0,0x0000000000000000,61.6,43.85,63.0,,556
2026-09-30T18:58:45,10.8,4.7080078125,92.2,21.6,0.0,64.0,61.19,89.0,2496.0,0x0000000000000000,70.3,44.85,62.0,4,556
2026-09-30T18:58:55,43.3,4.87451171875,92.2,21.6,0.0,66.0,48.59,94.0,2509.0,0x0000000000000000,78.5,44.85,65.0,,557
2026-09-30T18:59:05,26.5,5.451171875,92.2,21.6,0.0,60.0,15.2,0.0,2405.0,0x0000000000000000,63.7,44.85,66.0,,558
2026-09-30T18:59:15,0.7,4.61279296875,92.2,21.6,0.0,57.0,14.57,0.0,2405.0,0x0000000000000000,60.0,45.85,63.0,4,559
2026-09-30T18:59:25,0.6,3.9033203125,92.2,21.6,0.0,55.0,14.14,0.0,2405.0,0x0000000000000000,57.8,45.85,61.0,,557
2026-09-30T18:59:35,25.2,4.34423828125,92.2,21.6,0.0,65.0,55.65,95.0,2496.0,0x0000000000000000,72.7,45.85,62.0,,558
2026-09-30T18:59:45,42.3,6.162109375,92.2,21.6,0.0,68.0,61.3,90.0,2496.0,0x0000000000000000,74.4,45.85,65.0,4,556
2026-09-30T18:59:55,34.1,7.2646484375,92.3,21.6,0.0,71.0,80.59,95.0,2450.0,0x0000000000000000,78.1,46.85,67.0,,552
2026-09-30T19:00:05,33.3,6.9580078125,92.3,21.6,0.0,63.0,16.3,0.0,2411.0,0x0000000000000000,67.6,46.85,68.0,,552
2026-09-30T19:00:15,19.2,5.9677734375,92.4,20.9,0.0,67.0,47.92,93.0,2509.0,0x0000000000000000,76.5,46.85,66.0,2,546
2026-09-30T19:00:25,41.3,6.0048828125,92.3,20.9,0.0,68.0,47.43,90.0,2502.0,0x0000000000000000,78.4,47.85,68.0,,546
2026-09-30T19:00:36,6.3,5.08154296875,92.6,20.9,0.0,60.0,15.1,0.0,2405.0,0x0000000000000000,63.0,47.85,66.0,,543
2026-09-30T19:00:46,2.1,4.2998046875,92.7,20.2,0.0,57.0,14.6,0.0,2405.0,0x0000000000000000,60.4,47.85,64.0,0,524
2026-09-30T19:00:56,0.1,3.63818359375,92.7,20.2,0.0,56.0,14.42,0.0,2405.0,0x0000000000000000,58.3,47.85,62.0,,524
2026-09-30T19:01:06,19.1,5.1416015625,92.0,20.8,0.0,56.0,14.68,0.0,2398.0,0x0000000000000000,67.0,48.85,61.0,,572
2026-09-30T19:01:16,48.8,5.37255859375,91.3,22.8,0.0,57.0,14.87,0.0,2398.0,0x0000000000000000,78.0,48.85,62.0,8,570
2026-09-30T19:01:26,29.9,5.234375,91.3,22.9,0.0,65.0,62.42,94.0,2496.0,0x0000000000000000,75.8,48.85,63.0,,576
2026-09-30T19:01:36,46.8,6.28125,91.3,22.9,0.0,67.0,48.72,95.0,2509.0,0x0000000000000000,80.7,48.85,66.0,,577
2026-09-30T19:01:46,36.9,7.4296875,91.4,22.9,0.0,73.0,29.41,95.0,2431.0,0x0000000000000000,71.0,48.85,68.0,8,575
2026-09-30T19:01:56,44.0,8.92724609375,91.4,22.9,0.0,70.0,48.26,90.0,2502.0,0x0000000000000000,82.8,48.85,69.0,,572
2026-09-30T19:02:06,43.0,8.58935546875,91.4,22.9,0.0,73.0,64.3,93.0,2470.0,0x0000000000000000,84.0,48.85,71.0,,572
2026-09-30T19:02:16,18.2,7.34228515625,91.4,22.9,0.0,65.0,16.72,0.0,2411.0,0x0000000000000000,68.9,49.85,70.0,8,571
2026-09-30T19:02:26,39.5,7.8466796875,91.4,22.9,0.0,72.0,50.66,93.0,2483.0,0x0000000000000000,83.6,49.85,71.0,,570
2026-09-30T19:02:37,38.5,9.142578125,91.4,22.9,0.0,78.0,65.81,95.0,2470.0,0x0000000000000000,84.7,50.85,72.0,,571
2026-09-30T19:02:47,38.7,8.05029296875,91.4,22.9,0.0,73.0,46.05,91.0,2483.0,0x0000000000000000,88.2,50.85,73.0,8,571
2026-09-30T19:02:57,17.5,8.57421875,91.3,22.9,0.0,71.0,49.33,92.0,2502.0,0x0000000000000000,86.3,50.85,72.0,,577
2026-09-30T19:03:07,38.4,9.66796875,91.3,22.9,0.0,73.0,49.12,88.0,2483.0,0x0000000000000000,85.6,51.85,73.0,,586
2026-09-30T19:03:17,40.1,9.73486328125,91.6,22.9,0.0,76.0,64.99,91.0,2470.0,0x0000000000000000,85.8,51.85,74.0,8,573
2026-09-30T19:03:27,41.0,10.00341796875,91.5,22.9,0.0,81.0,81.72,96.0,2411.0,0x0000000000000000,88.8,51.85,75.0,,574
2026-09-30T19:03:37,45.0,11.19189453125,91.5,22.3,0.0,74.0,49.72,94.0,2483.0,0x0000000000000000,85.7,52.85,75.0,,617
2026-09-30T19:03:47,28.4,13.33447265625,116.8,19.9,0.0,66.0,15.49,0.0,2411.0,0x0000000000000000,71.1,52.85,72.0,0,531
2026-09-30T19:03:57,0.1,11.2841796875,116.8,19.9,0.0,61.0,6.62,0.0,208.0,0x0000000000000000,64.0,52.85,68.0,,527
2026-09-30T19:04:07,0.0,9.548828125,116.8,19.9,0.0,57.0,6.35,0.0,208.0,0x0000000000000004,60.8,52.85,65.0,,523
2026-09-30T19:04:17,0.1,8.080078125,116.8,19.9,0.0,55.0,6.24,0.0,208.0,0x0000000000000000,58.8,51.85,63.0,0,521
2026-09-30T19:04:28,0.1,6.83740234375,116.8,19.9,0.0,54.0,6.14,0.0,208.0,0x0000000000000004,57.0,51.85,61.0,,521
2026-09-30T19:04:38,0.1,5.78564453125,116.8,19.9,0.0,53.0,6.08,0.0,214.0,0x0000000000000000,55.8,51.85,60.0,,515
2026-09-30T19:04:48,0.1,4.89599609375,116.8,19.9,0.0,52.0,5.93,0.0,208.0,0x0000000000000004,54.8,50.85,59.0,0,516
2026-09-30T19:04:58,0.1,4.14306640625,116.8,19.9,0.0,51.0,5.92,0.0,208.0,0x0000000000000000,53.8,50.85,59.0,,517
2026-09-30T19:05:08,0.0,3.50537109375,116.8,19.9,0.0,50.0,5.9,0.0,208.0,0x0000000000000000,52.9,50.85,58.0,,517
2026-09-30T19:05:18,0.1,2.96630859375,116.8,19.9,0.0,49.0,5.71,0.0,208.0,0x0000000000000000,52.8,49.85,57.0,0,516
2026-09-30T19:05:28,0.1,2.509765625,116.8,19.9,0.0,49.0,5.71,0.0,208.0,0x0000000000000000,51.8,49.85,56.0,,516
2026-09-30T19:05:38,0.5,2.12353515625,116.8,19.9,0.0,48.0,5.61,0.0,208.0,0x0000000000000004,51.9,48.85,56.0,,511
2026-09-30T19:05:48,0.4,1.79638671875,116.8,19.9,0.0,48.0,5.69,0.0,208.0,0x0000000000000004,50.8,48.85,56.0,0,511
2026-09-30T19:05:58,2.5,1.60009765625,116.8,20.1,0.0,49.0,12.47,0.0,2405.0,0x0000000000000000,51.6,48.85,55.0,,519
2026-09-30T19:06:08,1.5,1.353515625,116.8,21.2,0.0,48.0,5.78,0.0,208.0,0x0000000000000004,51.4,48.85,55.0,,519
2026-09-30T19:06:19,1.5,1.14501953125,116.8,22.3,0.0,48.0,5.91,0.0,201.0,0x0000000000000000,51.1,47.85,55.0,0,518
2026-09-30T19:06:29,1.5,0.96875,116.8,23.4,0.0,47.0,5.55,0.0,208.0,0x0000000000000000,51.0,48.85,55.0,,518
2026-09-30T19:06:39,1.7,0.96728515625,116.8,24.5,0.0,47.0,5.72,0.0,208.0,0x0000000000000000,51.0,47.85,55.0,,518
2026-09-30T19:06:49,1.3,0.818359375,116.8,25.5,0.0,47.0,5.61,0.0,208.0,0x0000000000000000,50.0,47.85,55.0,0,517
2026-09-30T19:06:59,1.6,0.69189453125,116.8,25.5,0.0,47.0,5.46,0.0,208.0,0x0000000000000004,49.6,46.85,54.0,,511
2026-09-30T19:07:09,0.2,0.5849609375,116.8,25.5,0.0,46.0,5.46,0.0,208.0,0x0000000000000000,48.8,46.85,54.0,,511
2026-09-30T19:07:19,0.4,0.52294921875,116.8,25.5,0.0,46.0,5.37,0.0,208.0,0x0000000000000004,48.8,46.85,53.0,0,512
2026-09-30T19:07:29,0.4,0.76318359375,116.8,25.5,0.0,45.0,5.42,0.0,208.0,0x0000000000000000,48.6,46.85,53.0,,518
2026-09-30T19:07:39,0.2,0.64501953125,116.8,25.5,0.0,45.0,5.22,0.0,208.0,0x0000000000000000,47.8,45.85,53.0,,514
2026-09-30T19:07:49,0.7,0.54541015625,116.8,25.5,0.0,45.0,5.22,0.0,208.0,0x0000000000000004,47.8,45.85,52.0,0,519
2026-09-30T19:07:59,0.2,0.4609375,116.8,25.5,0.0,45.0,5.37,0.0,208.0,0x0000000000000000,47.7,45.85,52.0,,515
2026-09-30T19:08:09,5.0,0.63037109375,116.5,25.7,0.0,45.0,5.45,0.0,208.0,0x0000000000000000,51.5,46.85,52.0,,536
2026-09-30T19:08:19,12.4,0.828125,116.4,26.2,0.0,45.0,5.35,0.0,208.0,0x0000000000000000,48.9,45.85,53.0,2,536
2026-09-30T19:08:29,3.2,0.84814453125,116.5,26.2,0.0,45.0,5.36,0.0,208.0,0x0000000000000004,47.9,44.85,52.0,,528
2026-09-30T19:08:40,2.3,0.8779296875,116.7,25.5,0.0,45.0,5.48,0.0,208.0,0x0000000000000004,48.2,44.85,52.0,,571
2026-09-30T19:08:50,14.2,2.4501953125,116.4,26.1,0.0,45.0,5.8,0.0,208.0,0x0000000000000000,59.0,44.85,52.0,2,531
2026-09-30T19:09:00,4.5,2.14697265625,116.5,26.2,0.0,45.0,5.38,0.0,208.0,0x0000000000000000,48.4,44.85,53.0,,530
2026-09-30T19:09:10,1.4,1.896484375,116.7,25.5,0.0,45.0,5.59,0.0,208.0,0x0000000000000000,51.5,44.85,52.0,,527
2026-09-30T19:09:20,1.2,1.60400390625,116.8,25.5,0.0,45.0,5.4,0.0,208.0,0x0000000000000000,47.7,44.85,52.0,0,517
2026-09-30T19:09:30,0.8,1.43701171875,116.8,25.5,0.0,44.0,5.41,0.0,208.0,0x0000000000000004,48.7,43.85,52.0,,517
2026-09-30T19:09:40,0.1,1.2158203125,116.8,25.5,0.0,44.0,5.38,0.0,208.0,0x0000000000000000,46.8,43.85,52.0,,517
2026-09-30T19:09:50,11.4,1.0283203125,116.4,25.8,0.0,44.0,5.52,0.0,208.0,0x0000000000000000,53.9,43.85,52.0,2,537
2026-09-30T19:10:00,6.9,1.17138671875,116.3,26.2,0.0,45.0,5.57,0.0,208.0,0x0000000000000000,54.3,43.85,52.0,,534
2026-09-30T19:10:10,8.7,1.14453125,107.0,26.6,0.0,50.0,42.16,7.0,2431.0,0x0000000000000000,62.5,43.85,54.0,,538
2026-09-30T19:10:20,12.3,1.35009765625,107.1,26.6,0.0,50.0,13.43,0.0,2405.0,0x0000000000000000,53.9,43.85,56.0,2,535
2026-09-30T19:10:30,1.3,1.2158203125,107.2,25.9,0.0,49.0,13.25,0.0,2405.0,0x0000000000000000,54.6,43.85,55.0,,533
2026-09-30T19:10:40,10.6,2.87060546875,106.9,26.3,0.0,49.0,13.35,0.0,2405.0,0x0000000000000000,54.6,43.85,56.0,,538
2026-09-30T19:10:51,6.1,2.50244140625,106.9,26.6,0.0,49.0,13.25,0.0,2405.0,0x0000000000000000,54.6,43.85,55.0,2,539
2026-09-30T19:11:01,9.0,3.7509765625,106.8,26.6,0.0,66.0,92.52,96.0,2405.0,0x0000000000000000,73.6,43.85,58.0,,540
2026-09-30T19:11:11,9.5,3.39453125,107.1,26.6,0.0,54.0,14.14,0.0,2405.0,0x0000000000000000,57.2,43.85,60.0,,535
2026-09-30T19:11:21,2.2,3.02587890625,107.2,25.9,0.0,53.0,13.73,0.0,2405.0,0x0000000000000000,57.2,44.85,59.0,0,525
2026-09-30T19:11:31,0.2,2.56005859375,107.3,25.9,0.0,51.0,13.52,0.0,2405.0,0x0000000000000000,53.8,44.85,58.0,,521
2026-09-30T19:11:41,2.9,2.326171875,107.1,26.0,0.0,51.0,13.44,0.0,2405.0,0x0000000000000000,55.4,44.85,57.0,,576
2026-09-30T19:11:51,14.2,3.22705078125,106.8,26.6,0.0,51.0,13.53,0.0,2405.0,0x0000000000000000,67.3,44.85,58.0,2,535
2026-09-30T19:12:01,9.5,2.88427734375,105.1,26.6,0.0,59.0,49.78,94.0,2522.0,0x0000000000000000,66.1,44.85,58.0,,537
2026-09-30T19:12:11,21.6,2.88916015625,105.2,26.6,0.0,69.0,90.4,96.0,2437.0,0x0000000000000000,75.8,44.85,62.0,,537
2026-09-30T19:12:21,11.5,2.5986328125,105.2,26.6,0.0,60.0,22.57,0.0,2405.0,0x0000000000000000,68.0,45.85,64.0,2,536
2026-09-30T19:12:31,7.1,2.35888671875,105.2,26.6,0.0,63.0,48.64,95.0,2509.0,0x0000000000000000,70.9,45.85,63.0,,536
2026-09-30T19:12:41,1.0,1.99609375,105.2,26.6,0.0,55.0,14.29,0.0,2405.0,0x0000000000000000,58.1,45.85,62.0,,536
2026-09-30T19:12:52,7.9,1.7685546875,105.2,26.6,0.0,56.0,16.83,0.0,2398.0,0x0000000000000000,61.7,45.85,61.0,2,534
2026-09-30T19:13:02,0.5,1.49609375,105.2,26.6,0.0,54.0,14.1,0.0,2405.0,0x0000000000000000,56.7,45.85,60.0,,535
2026-09-30T19:13:12,0.4,1.265625,105.2,26.6,0.0,53.0,13.64,0.0,2405.0,0x0000000000000000,55.0,45.85,59.0,,536
2026-09-30T19:13:22,0.5,1.07080078125,105.2,26.6,0.0,52.0,13.35,0.0,2405.0,0x0000000000000000,54.1,45.85,58.0,2,531
2026-09-30T19:13:32,7.5,0.9794921875,105.2,26.6,0.0,52.0,13.72,0.0,2405.0,0x0000000000000000,55.0,45.85,58.0,,531
2026-09-30T19:13:42,0.5,0.82861328125,105.2,26.6,0.0,51.0,13.45,0.0,2405.0,0x0000000000000000,53.8,45.85,58.0,,531
2026-09-30T19:13:52,0.6,0.8486328125,105.2,26.6,0.0,51.0,13.39,0.0,2405.0,0x0000000000000000,52.9,45.85,57.0,2,525
2026-09-30T19:14:02,0.5,0.7177734375,105.2,26.6,0.0,50.0,13.18,0.0,2405.0,0x0000000000000000,52.8,45.85,57.0,,525
2026-09-30T19:14:12,0.5,0.60693359375,105.2,26.6,0.0,50.0,13.06,0.0,2405.0,0x0000000000000000,52.0,45.85,56.0,,526
2026-09-30T19:14:22,0.4,0.58740234375,105.2,26.6,0.0,49.0,13.01,0.0,2405.0,0x0000000000000000,51.8,45.85,56.0,2,523
2026-09-30T19:14:32,6.6,0.49658203125,105.2,26.6,0.0,56.0,46.25,93.0,2522.0,0x0000000000000000,62.5,45.85,56.0,,525
2026-09-30T19:14:42,2.9,0.5673828125,105.5,26.6,0.0,50.0,13.08,0.0,2405.0,0x0000000000000000,52.2,45.85,57.0,,521
2026-09-30T19:14:53,5.0,0.56005859375,105.3,26.1,0.0,50.0,13.33,0.0,2405.0,0x0000000000000000,55.0,45.85,56.0,2,533
2026-09-30T19:15:03,11.9,0.9228515625,105.2,26.6,0.0,50.0,13.19,0.0,2405.0,0x0000000000000000,55.3,45.85,56.0,,531
2026-09-30T19:15:13,12.5,1.00830078125,103.4,26.6,0.0,59.0,50.25,95.0,2489.0,0x0000000000000000,65.8,45.85,58.0,,533
2026-09-30T19:15:23,27.0,2.265625,103.5,26.6,0.0,63.0,46.11,95.0,2509.0,0x0000000000000000,71.3,45.85,62.0,2,533
2026-09-30T19:15:33,1.6,2.13818359375,103.7,26.6,0.0,54.0,14.18,0.0,2398.0,0x0000000000000000,57.1,45.85,61.0,,529
2026-09-30T19:15:43,6.0,2.20361328125,103.5,26.1,0.0,53.0,14.18,0.0,2398.0,0x0000000000000000,60.1,46.85,60.0,,534
2026-09-30T19:15:53,10.3,2.916015625,103.4,26.6,0.0,53.0,13.85,0.0,2405.0,0x0000000000000000,67.1,46.85,59.0,2,532
2026-09-30T19:16:03,13.9,3.3486328125,103.4,26.6,0.0,61.0,52.47,91.0,2522.0,0x0000000000000000,73.2,46.85,60.0,,533
2026-09-30T19:16:13,25.9,3.060546875,103.7,26.6,0.0,58.0,15.01,0.0,2405.0,0x0000000000000000,64.7,46.85,63.0,,534
2026-09-30T19:16:23,0.8,2.75,103.7,26.6,0.0,55.0,14.3,0.0,2405.0,0x0000000000000000,58.1,46.85,62.0,2,530
2026-09-30T19:16:33,2.2,2.3271484375,103.7,25.9,0.0,54.0,13.99,0.0,2398.0,0x0000000000000000,57.4,46.85,60.0,,568
2026-09-30T19:16:43,13.7,2.75732421875,103.3,26.6,0.0,54.0,14.08,0.0,2398.0,0x0000000000000000,69.0,47.85,60.0,,530
2026-09-30T19:16:53,9.0,2.955078125,102.7,26.7,0.0,62.0,82.96,92.0,2463.0,0x0000000000000000,71.2,47.85,60.0,2,536
2026-09-30T19:17:04,13.2,4.05419921875,103.0,26.7,0.0,56.0,14.32,0.0,2405.0,0x0000000000000000,58.7,46.85,62.0,,531
2026-09-30T19:17:14,2.1,3.4306640625,103.1,26.0,0.0,54.0,13.95,0.0,2405.0,0x0000000000000000,57.3,47.85,60.0,,572
2026-09-30T19:17:24,13.4,4.3447265625,102.8,26.7,0.0,54.0,14.16,0.0,2398.0,0x0000000000000000,71.0,47.85,60.0,2,535
2026-09-30T19:17:34,5.4,3.990234375,102.2,26.7,0.0,66.0,89.9,96.0,2470.0,0x0000000000000000,71.9,46.85,60.0,,537
2026-09-30T19:17:44,24.7,3.52978515625,102.4,26.7,0.0,59.0,15.11,0.0,2405.0,0x0000000000000000,68.0,46.85,63.0,,535
2026-09-30T19:17:54,1.0,3.2080078125,102.5,26.7,0.0,56.0,14.4,0.0,2405.0,0x0000000000000000,58.7,47.85,62.0,2,533
2026-09-30T19:18:04,10.4,3.3779296875,102.3,26.4,0.0,55.0,14.54,0.0,2398.0,0x0000000000000000,65.5,47.85,61.0,,536
2026-09-30T19:18:14,7.5,3.1591796875,102.3,26.7,0.0,54.0,14.33,0.0,2398.0,0x0000000000000000,66.5,47.85,61.0,,535
2026-09-30T19:18:24,17.0,2.82666015625,101.7,26.7,0.0,64.0,53.46,90.0,2502.0,0x0000000000000000,74.9,47.85,63.0,2,536
2026-09-30T19:18:34,19.1,2.46533203125,101.9,26.7,0.0,59.0,14.95,0.0,2405.0,0x0000000000000000,62.3,47.85,65.0,,538
2026-09-30T19:18:44,0.8,2.0859375,101.9,26.7,0.0,56.0,14.48,0.0,2405.0,0x0000000000000000,59.0,47.85,63.0,,534
2026-09-30T19:18:54,2.3,1.98583984375,101.9,26.0,0.0,55.0,14.34,0.0,2405.0,0x0000000000000000,58.3,47.85,61.0,2,574
2026-09-30T19:19:05,13.9,4.486328125,101.6,26.7,0.0,55.0,14.32,0.0,2398.0,0x0000000000000000,68.7,48.85,61.0,,536
2026-09-30T19:19:15,6.6,3.9501953125,101.1,26.7,0.0,62.0,66.1,95.0,2489.0,0x0000000000000000,70.4,47.85,61.0,,539
2026-09-30T19:19:25,28.4,4.896484375,101.1,26.7,0.0,65.0,53.99,92.0,2502.0,0x0000000000000000,76.8,47.85,64.0,2,536
2026-09-30T19:19:35,26.6,4.296875,101.1,26.7,0.0,68.0,54.42,92.0,2502.0,0x0000000000000000,78.8,47.85,66.0,,535
2026-09-30T19:19:45,20.0,3.93701171875,101.1,26.8,0.0,61.0,15.69,0.0,2405.0,0x0000000000000000,65.5,48.85,67.0,,538
2026-09-30T19:19:55,2.4,3.41162109375,100.8,27.7,0.0,58.0,14.94,0.0,2398.0,0x0000000000000000,62.2,49.85,64.0,2,530
2026-09-30T19:20:05,27.7,3.04052734375,100.7,28.4,0.0,68.0,54.31,92.0,2502.0,0x0000000000000000,77.1,49.85,66.0,,528
2026-09-30T19:20:15,27.3,3.09521484375,100.9,28.4,0.0,70.0,54.31,0.0,2502.0,0x0000000000000000,80.6,49.85,68.0,,530
2026-09-30T19:20:25,27.9,2.7724609375,101.1,28.4,0.0,71.0,55.93,95.0,2502.0,0x0000000000000000,82.3,49.85,69.0,2,529
2026-09-30T19:20:35,6.6,2.505859375,101.1,28.4,0.0,62.0,15.7,0.0,2405.0,0x0000000000000000,65.1,49.85,68.0,,529
2026-09-30T19:20:46,0.5,2.1201171875,101.1,28.4,0.0,59.0,14.86,0.0,2405.0,0x0000000000000000,61.8,49.85,65.0,,529
2026-09-30T19:20:56,16.6,2.75537109375,101.1,28.4,0.0,67.0,49.91,92.0,2502.0,0x0000000000000000,73.0,49.85,65.0,2,527
2026-09-30T19:21:06,20.7,2.4052734375,101.1,28.4,0.0,62.0,16.02,0.0,2411.0,0x0000000000000000,66.7,49.85,67.0,,527
2026-09-30T19:21:16,6.4,2.115234375,101.1,28.4,0.0,66.0,49.35,92.0,2502.0,0x0000000000000000,72.6,49.85,65.0,,527
2026-09-30T19:21:26,16.6,1.93701171875,101.3,28.4,0.0,60.0,15.25,0.0,2405.0,0x0000000000000000,63.8,49.85,66.0,2,523
2026-09-30T19:21:36,2.2,1.87939453125,101.4,27.8,0.0,58.0,14.85,0.0,2398.0,0x0000000000000000,61.8,50.85,64.0,,563
2026-09-30T19:21:46,13.2,1.74365234375,101.1,28.4,0.0,57.0,14.81,0.0,2398.0,0x0000000000000000,71.2,50.85,64.0,,528
2026-09-30T19:21:56,5.9,1.62890625,100.3,28.4,0.0,69.0,92.65,96.0,2470.0,0x0000000000000000,70.8,49.85,63.0,2,533
2026-09-30T19:22:06,24.7,2.931640625,100.3,28.4,0.0,67.0,51.07,93.0,2502.0,0x0000000000000000,75.7,49.85,65.0,,530
2026-09-30T19:22:16,1.5,2.48046875,100.6,28.4,0.0,57.0,14.65,0.0,2405.0,0x0000000000000000,60.1,49.85,63.0,,524
2026-09-30T19:22:26,5.7,2.5732421875,100.3,27.9,0.0,56.0,14.58,0.0,2398.0,0x0000000000000000,63.8,49.85,62.0,2,530
2026-09-30T19:22:36,9.1,2.1767578125,100.5,28.4,0.0,55.0,14.42,0.0,2398.0,0x0000000000000000,59.8,49.85,62.0,,525
2026-09-30T19:22:47,5.7,2.396484375,100.2,28.4,0.0,55.0,14.31,0.0,2398.0,0x0000000000000000,61.9,49.85,61.0,,530
2026-09-30T19:22:57,24.4,3.0654296875,99.7,28.4,0.0,66.0,54.93,95.0,2502.0,0x0000000000000000,77.3,49.85,64.0,2,530
2026-09-30T19:23:07,25.9,2.96875,99.7,28.4,0.0,62.0,16.05,0.0,2411.0,0x0000000000000000,67.8,49.85,67.0,,530
2026-09-30T19:23:17,3.0,2.51220703125,99.8,28.4,0.0,65.0,41.43,94.0,2502.0,0x0000000000000000,67.0,49.85,64.0,,531
2026-09-30T19:23:27,7.2,2.12548828125,99.8,28.4,0.0,64.0,53.9,93.0,2502.0,0x0000000000000000,73.7,49.85,63.0,2,531
2026-09-30T19:23:37,6.4,1.8720703125,100.0,28.4,0.0,57.0,14.72,0.0,2405.0,0x0000000000000000,60.2,49.85,64.0,,526
2026-09-30T19:23:47,2.2,1.82421875,100.0,27.8,0.0,56.0,14.46,0.0,2405.0,0x0000000000000000,59.7,49.85,62.0,,567
2026-09-30T19:23:57,13.4,2.40576171875,99.7,28.4,0.0,56.0,14.56,0.0,2398.0,0x0000000000000000,70.4,50.85,62.0,2,532
2026-09-30T19:24:07,5.3,2.10888671875,99.0,28.4,0.0,69.0,93.31,96.0,2450.0,0x0000000000000000,73.6,49.85,62.0,,534
2026-09-30T19:24:17,29.0,3.5791015625,99.1,28.4,0.0,67.0,55.21,95.0,2502.0,0x0000000000000000,73.6,49.85,65.0,,534
2026-09-30T19:24:27,13.0,4.64990234375,99.4,28.4,0.0,59.0,15.06,0.0,2405.0,0x0000000000000000,62.6,49.85,66.0,2,531
2026-09-30T19:24:38,2.1,4.0146484375,99.4,27.8,0.0,57.0,14.65,0.0,2405.0,0x0000000000000000,60.3,49.85,63.0,,576
2026-09-30T19:24:48,12.7,3.55078125,99.2,28.4,0.0,56.0,14.6,0.0,2398.0,0x0000000000000000,65.4,50.85,62.0,,535
2026-09-30T19:24:58,7.2,3.23193359375,99.1,28.4,0.0,62.0,52.31,93.0,2522.0,0x0000000000000000,65.6,49.85,62.0,2,537
2026-09-30T19:25:08,26.9,2.88818359375,99.1,28.4,0.0,67.0,55.03,94.0,2502.0,0x0000000000000000,76.5,49.85,65.0,,537
2026-09-30T19:25:18,15.1,3.328125,99.2,28.4,0.0,60.0,18.98,0.0,2405.0,0x0000000000000000,63.4,49.85,65.0,,538
2026-09-30T19:25:28,6.3,2.81591796875,99.2,28.4,0.0,64.0,53.3,93.0,2502.0,0x0000000000000000,68.6,49.85,64.0,2,536
2026-09-30T19:25:38,29.3,2.76416015625,99.2,28.4,0.0,68.0,54.89,93.0,2502.0,0x0000000000000000,79.1,49.85,66.0,,538
2026-09-30T19:25:48,3.5,2.412109375,99.4,28.4,0.0,59.0,14.97,0.0,2405.0,0x0000000000000000,61.9,49.85,64.0,,531
2026-09-30T19:25:58,2.2,2.041015625,99.4,27.8,0.0,57.0,14.76,0.0,2398.0,0x0000000000000000,61.0,50.85,63.0,1,570
2026-09-30T19:26:08,13.3,2.17578125,99.2,28.4,0.0,56.0,14.67,0.0,2398.0,0x0000000000000000,69.5,50.85,62.0,,535
2026-09-30T19:26:19,5.5,1.99462890625,100.1,28.4,0.0,68.0,83.85,96.0,2470.0,0x0000000000000000,68.4,49.85,62.0,,537
2026-09-30T19:26:29,29.6,2.001953125,100.4,28.5,0.0,61.0,15.74,0.0,2405.0,0x0000000000000000,71.2,50.85,65.0,2,533
2026-09-30T19:26:39,1.0,1.76708984375,100.4,28.5,0.0,57.0,14.73,0.0,2405.0,0x0000000000000000,60.3,49.85,64.0,,533
2026-09-30T19:26:49,11.6,1.876953125,100.0,28.2,0.0,57.0,14.82,0.0,2398.0,0x0000000000000000,67.9,50.85,63.0,,548
2026-09-30T19:26:59,15.0,2.1240234375,100.0,28.7,0.0,56.0,14.7,0.0,2398.0,0x0000000000000000,67.6,50.85,62.0,2,534
2026-09-30T19:27:09,13.1,2.1044921875,100.2,28.8,0.0,56.0,14.85,0.0,2398.0,0x0000000000000000,71.1,49.85,62.0,,536
2026-09-30T19:27:19,25.0,3.28955078125,99.7,28.8,0.0,66.0,54.12,95.0,2502.0,0x0000000000000000,78.3,49.85,64.0,,537
2026-09-30T19:27:29,24.4,4.20263671875,99.7,28.8,0.0,61.0,15.69,0.0,2398.0,0x0000000000000000,66.2,49.85,66.0,2,534
2026-09-30T19:27:39,8.8,3.998046875,99.9,28.8,0.0,58.0,15.06,0.0,2398.0,0x0000000000000000,63.9,49.85,65.0,,535
2026-09-30T19:27:49,7.5,3.623046875,99.9,28.8,0.0,57.0,14.85,0.0,2398.0,0x0000000000000000,62.5,49.85,63.0,,532
2026-09-30T19:27:59,11.5,4.7412109375,99.8,28.3,0.0,57.0,14.93,0.0,2398.0,0x0000000000000000,63.5,50.85,62.0,2,539
2026-09-30T19:28:09,16.0,4.4794921875,99.5,28.8,0.0,56.0,14.69,0.0,2398.0,0x0000000000000000,75.0,50.85,62.0,,536
2026-09-30T19:28:20,7.9,4.33837890625,99.1,28.8,0.0,64.0,54.68,95.0,2502.0,0x0000000000000000,74.2,49.85,62.0,,539
2026-09-30T19:28:30,25.2,3.8984375,99.4,28.8,0.0,61.0,15.45,0.0,2405.0,0x0000000000000000,68.7,49.85,65.0,2,537
2026-09-30T19:28:40,0.7,3.29833984375,99.4,28.8,0.0,57.0,14.73,0.0,2405.0,0x0000000000000000,59.9,49.85,63.0,,534
2026-09-30T19:28:50,11.9,3.43212890625,99.1,28.5,0.0,56.0,14.86,0.0,2398.0,0x0000000000000000,66.8,50.85,62.0,,539
2026-09-30T19:29:00,6.8,3.279296875,99.2,28.8,0.0,56.0,14.56,0.0,2405.0,0x0000000000000000,66.2,49.85,62.0,2,539
2026-09-30T19:29:10,17.5,3.14990234375,98.5,28.8,0.0,65.0,54.8,95.0,2502.0,0x0000000000000000,73.9,49.85,64.0,,536
2026-09-30T19:29:20,19.6,2.88623046875,98.8,28.8,0.0,60.0,15.31,0.0,2405.0,0x0000000000000000,64.0,49.85,65.0,,532
2026-09-30T19:29:30,1.7,2.44189453125,98.9,28.2,0.0,58.0,14.84,0.0,2398.0,0x0000000000000000,62.1,50.85,64.0,0,530
2026-09-30T19:29:40,12.2,2.1396484375,98.7,28.8,0.0,57.0,14.77,0.0,2405.0,0x0000000000000000,64.2,50.85,63.0,,534
2026-09-30T19:29:50,6.0,1.88427734375,98.5,28.8,0.0,56.0,24.98,0.0,2398.0,0x0000000000000000,60.9,50.85,62.0,,538
2026-09-30T19:30:00,28.3,3.46875,98.6,28.8,0.0,67.0,54.45,93.0,2502.0,0x0000000000000000,75.7,49.85,65.0,2,539
2026-09-30T19:30:10,20.4,3.81982421875,98.6,28.8,0.0,62.0,15.78,0.0,2405.0,0x0000000000000000,65.9,49.85,67.0,,540
2026-09-30T19:30:21,0.5,3.47216796875,98.6,28.8,0.0,58.0,14.85,0.0,2405.0,0x0000000000000000,61.2,50.85,64.0,,540
2026-09-30T19:30:31,15.4,3.01806640625,98.6,28.8,0.0,66.0,54.44,94.0,2502.0,0x0000000000000000,77.6,50.85,65.0,2,542
2026-09-30T19:30:41,29.0,2.85498046875,98.6,28.9,0.0,69.0,54.51,95.0,2502.0,0x0000000000000000,81.0,50.85,67.0,,539
2026-09-30T19:30:51,1.7,2.41552734375,98.8,28.9,0.0,59.0,15.02,0.0,2405.0,0x0000000000000000,62.1,50.85,65.0,,534
2026-09-30T19:31:01,5.4,2.59814453125,98.6,28.3,0.0,57.0,14.86,0.0,2398.0,0x0000000000000000,66.8,50.85,64.0,2,538
2026-09-30T19:31:11,12.1,2.34521484375,98.6,28.8,0.0,57.0,14.62,0.0,2405.0,0x0000000000000000,61.6,50.85,63.0,,531
2026-09-30T19:31:21,15.8,2.359375,99.6,28.9,0.0,66.0,54.54,94.0,2502.0,0x0000000000000000,74.1,50.85,64.0,,535
2026-09-30T19:31:31,2.0,1.99658203125,99.8,28.9,0.0,57.0,14.73,0.0,2405.0,0x0000000000000000,60.2,50.85,64.0,2,531
2026-09-30T19:31:41,5.3,2.00341796875,99.7,28.4,0.0,56.0,14.71,0.0,2398.0,0x0000000000000000,64.5,50.85,63.0,,536
2026-09-30T19:31:51,11.8,2.0830078125,99.7,28.8,0.0,56.0,14.5,0.0,2405.0,0x0000000000000000,64.5,50.85,62.0,,535
2026-09-30T19:32:01,16.0,2.07666015625,99.6,28.9,0.0,64.0,53.34,92.0,2502.0,0x0000000000000000,70.9,50.85,63.0,2,537
2026-09-30T19:32:11,11.2,3.58056640625,99.6,28.9,0.0,62.0,15.75,0.0,2405.0,0x0000000000000000,68.1,49.85,66.0,,537
2026-09-30T19:32:21,7.5,4.63134765625,99.7,28.9,0.0,60.0,27.68,0.0,2405.0,0x0000000000000000,66.3,50.85,65.0,,537
2026-09-30T19:32:32,0.5,3.9189453125,99.7,28.9,0.0,57.0,14.63,0.0,2405.0,0x0000000000000000,60.1,50.85,63.0,2,536
2026-09-30T19:32:42,7.8,3.39599609375,99.7,28.9,0.0,58.0,14.79,0.0,2405.0,0x0000000000000000,61.7,49.85,63.0,,537
2026-09-30T19:32:52,0.6,2.87353515625,99.7,28.9,0.0,56.0,14.44,0.0,2405.0,0x0000000000000000,58.9,49.85,62.0,,537
2026-09-30T19:33:02,0.5,2.43115234375,99.7,28.9,0.0,55.0,14.25,0.0,2405.0,0x0000000000000000,57.7,49.85,61.0,2,530
2026-09-30T19:33:12,0.9,2.13720703125,99.7,28.9,0.0,54.0,20.66,0.0,2398.0,0x0000000000000000,56.8,49.85,60.0,,530
2026-09-30T19:33:22,7.1,1.8818359375,99.7,28.9,0.0,54.0,14.17,0.0,2405.0,0x0000000000000000,57.0,49.85,61.0,,532
2026-09-30T19:33:32,0.5,1.73974609375,99.7,28.9,0.0,53.0,13.95,0.0,2405.0,0x0000000000000000,55.9,49.85,59.0,2,530
2026-09-30T19:33:42,0.5,1.4716796875,99.7,28.9,0.0,53.0,13.7,0.0,2405.0,0x0000000000000000,55.3,49.85,59.0,,530
2026-09-30T19:33:52,0.6,1.2451171875,99.7,28.9,0.0,52.0,13.61,0.0,2405.0,0x0000000000000000,54.9,48.85,59.0,,530
2026-09-30T19:34:02,0.5,1.05322265625,99.7,28.9,0.0,52.0,13.66,0.0,2405.0,0x0000000000000000,54.0,48.85,58.0,2,527
2026-09-30T19:34:12,0.6,0.89111328125,99.7,28.9,0.0,51.0,13.59,0.0,2405.0,0x0000000000000000,53.9,48.85,58.0,,527
2026-09-30T19:34:22,8.4,0.994140625,99.9,28.9,0.0,53.0,14.11,0.0,2405.0,0x0000000000000000,59.3,48.85,58.0,,523
2026-09-30T19:34:33,0.8,0.8408203125,99.9,28.9,0.0,52.0,13.63,0.0,2405.0,0x0000000000000000,53.9,48.85,58.0,2,525
2026-09-30T19:34:43,9.9,0.94580078125,99.7,28.5,0.0,52.0,13.94,0.0,2405.0,0x0000000000000000,60.1,48.85,58.0,,530
2026-09-30T19:34:53,8.3,0.95458984375,99.6,28.8,0.0,52.0,13.74,0.0,2405.0,0x0000000000000000,57.1,48.85,58.0,,533
2026-09-30T19:35:03,14.7,1.91650390625,98.7,28.9,0.0,62.0,66.52,96.0,2502.0,0x0000000000000000,67.8,47.85,60.0,2,534
2026-09-30T19:35:13,11.5,1.69482421875,99.0,28.9,0.0,55.0,14.44,0.0,2405.0,0x0000000000000000,58.0,47.85,61.0,,526
2026-09-30T19:35:23,2.2,1.51416015625,99.0,28.2,0.0,54.0,14.13,0.0,2405.0,0x0000000000000000,57.2,48.85,60.0,,572
2026-09-30T19:35:33,13.9,1.51513671875,98.7,28.8,0.0,54.0,14.25,0.0,2398.0,0x0000000000000000,74.9,48.85,60.0,2,534
2026-09-30T19:35:43,6.6,1.35546875,98.8,28.9,0.0,61.0,69.86,92.0,2522.0,0x0000000000000000,72.1,48.85,60.0,,535
2026-09-30T19:35:53,27.2,2.24951171875,98.8,28.9,0.0,65.0,54.5,95.0,2502.0,0x0000000000000000,73.2,47.85,63.0,,535
2026-09-30T19:36:03,2.7,2.53173828125,99.0,28.9,0.0,56.0,14.47,0.0,2405.0,0x0000000000000000,58.7,48.85,62.0,2,531
2026-09-30T19:36:13,2.1,2.30224609375,99.1,28.2,0.0,54.0,14.29,0.0,2405.0,0x0000000000000000,57.5,48.85,61.0,,568
2026-09-30T19:36:23,12.3,2.3486328125,98.9,28.8,0.0,54.0,14.31,0.0,2398.0,0x0000000000000000,57.5,48.85,60.0,,532
2026-09-30T19:36:34,5.1,2.060546875,98.7,28.9,0.0,64.0,24.35,0.0,2418.0,0x0000000000000000,61.4,48.85,60.0,2,534
2026-09-30T19:36:44,23.1,1.8974609375,98.8,28.9,0.0,65.0,54.18,95.0,2502.0,0x0000000000000000,72.1,48.85,63.0,,534
2026-09-30T19:36:54,4.1,1.7529296875,99.0,28.9,0.0,56.0,14.6,0.0,2405.0,0x0000000000000000,59.1,48.85,63.0,,528
2026-09-30T19:37:04,4.6,1.48291015625,99.0,28.3,0.0,55.0,14.51,0.0,2398.0,0x0000000000000000,60.5,48.85,62.0,2,534
2026-09-30T19:37:14,11.5,1.48876953125,98.8,28.8,0.0,55.0,14.48,0.0,2398.0,0x0000000000000000,70.0,48.85,61.0,,534
2026-09-30T19:37:24,5.9,1.56787109375,98.8,28.9,0.0,68.0,78.99,96.0,2457.0,0x0000000000000000,71.9,48.85,61.0,,535
2026-09-30T19:37:34,28.2,3.68115234375,98.9,28.9,0.0,66.0,53.93,93.0,2502.0,0x0000000000000000,75.0,48.85,64.0,2,535
2026-09-30T19:37:44,2.8,3.1884765625,99.0,28.9,0.0,57.0,14.74,0.0,2405.0,0x0000000000000000,60.1,48.85,63.0,,534
2026-09-30T19:37:54,5.4,2.69775390625,98.9,28.3,0.0,56.0,14.66,0.0,2398.0,0x0000000000000000,66.1,48.85,62.0,,538
2026-09-30T19:38:04,12.2,2.3271484375,98.8,28.8,0.0,56.0,14.47,0.0,2405.0,0x0000000000000000,59.8,48.85,61.0,2,536
2026-09-30T19:38:14,15.9,2.20263671875,99.0,28.9,0.0,65.0,52.96,95.0,2502.0,0x0000000000000000,74.0,48.85,63.0,,539
2026-09-30T19:38:24,21.7,2.748046875,99.1,28.9,0.0,60.0,15.23,0.0,2405.0,0x0000000000000000,63.7,48.85,65.0,,537
2026-09-30T19:38:35,18.5,4.0390625,99.0,28.9,0.0,74.0,74.91,96.0,2424.0,0x0000000000000000,78.2,48.85,65.0,2,537
2026-09-30T19:38:45,28.4,3.64501953125,99.1,28.9,0.0,70.0,55.41,95.0,2502.0,0x0000000000000000,78.8,49.85,68.0,,537
2026-09-30T19:38:55,20.1,3.15771484375,99.3,28.9,0.0,63.0,16.33,0.0,2411.0,0x0000000000000000,67.1,49.85,68.0,,534
2026-09-30T19:39:05,1.5,2.91259765625,99.3,28.2,0.0,59.0,15.1,0.0,2405.0,0x0000000000000000,64.8,49.85,66.0,0,531
2026-09-30T19:39:15,12.1,2.54443359375,99.0,28.8,0.0,58.0,14.98,0.0,2398.0,0x0000000000000000,65.3,50.85,64.0,,537
2026-09-30T19:39:25,5.8,2.3740234375,98.9,28.9,0.0,57.0,14.72,0.0,2398.0,0x0000000000000000,66.0,49.85,63.0,,539
2026-09-30T19:39:35,22.3,3.04345703125,98.8,28.9,0.0,67.0,55.19,95.0,2502.0,0x0000000000000000,78.9,49.85,65.0,2,539
2026-09-30T19:39:45,9.4,2.57470703125,98.9,28.9,0.0,59.0,15.12,0.0,2405.0,0x0000000000000000,62.2,49.85,66.0,,540
2026-09-30T19:39:55,10.7,3.7802734375,99.0,28.9,0.0,66.0,54.16,94.0,2502.0,0x0000000000000000,72.0,49.85,65.0,,537
2026-09-30T19:40:05,3.0,3.19873046875,99.2,28.9,0.0,57.0,14.74,0.0,2405.0,0x0000000000000000,60.4,49.85,64.0,2,528
2026-09-30T19:40:16,5.1,3.01416015625,99.0,28.3,0.0,56.0,14.7,0.0,2405.0,0x0000000000000000,62.8,49.85,63.0,,537
2026-09-30T19:40:26,12.3,2.69775390625,99.0,28.9,0.0,56.0,14.54,0.0,2405.0,0x0000000000000000,61.4,49.85,62.0,,535
2026-09-30T19:40:36,14.8,3.9580078125,98.9,28.9,0.0,64.0,54.18,93.0,2502.0,0x0000000000000000,70.8,49.85,63.0,2,534
2026-09-30T19:40:46,27.3,4.0634765625,99.2,28.9,0.0,61.0,15.76,0.0,2405.0,0x0000000000000000,69.8,49.85,66.0,,533
2026-09-30T19:40:56,0.9,3.4384765625,99.2,28.9,0.0,57.0,14.6,0.0,2405.0,0x0000000000000000,60.2,49.85,64.0,,531
2026-09-30T19:41:06,11.0,3.14990234375,98.9,28.5,0.0,56.0,14.8,0.0,2398.0,0x0000000000000000,65.9,50.85,63.0,2,535
2026-09-30T19:41:16,7.2,2.89892578125,98.8,28.9,0.0,56.0,14.48,0.0,2398.0,0x0000000000000000,63.7,49.85,62.0,,535
2026-09-30T19:41:26,18.5,2.6064453125,99.0,28.9,0.0,65.0,54.91,94.0,2502.0,0x0000000000000000,72.1,49.85,65.0,,536
2026-09-30T19:41:36,26.7,5.28125,98.9,28.9,0.0,68.0,55.03,94.0,2502.0,0x0000000000000000,75.9,49.85,67.0,2,536
2026-09-30T19:41:46,25.8,5.583984375,98.9,28.9,0.0,70.0,51.14,92.0,2502.0,0x0000000000000000,79.0,49.85,69.0,,536
2026-09-30T19:41:56,7.9,6.0517578125,99.0,28.9,0.0,62.0,15.69,0.0,2405.0,0x0000000000000000,65.0,50.85,68.0,,536
2026-09-30T19:42:06,7.5,5.1943359375,99.0,28.9,0.0,60.0,15.16,0.0,2405.0,0x0000000000000000,63.0,50.85,66.0,2,536
2026-09-30T19:42:17,1.5,4.3955078125,98.9,28.9,0.0,57.0,29.38,0.0,2405.0,0x0000000000000000,62.9,50.85,64.0,,534
2026-09-30T19:42:27,6.4,3.71923828125,99.0,28.9,0.0,57.0,14.61,0.0,2405.0,0x0000000000000000,60.2,50.85,64.0,,534
2026-09-30T19:42:37,0.5,3.22705078125,99.0,28.9,0.0,56.0,14.4,0.0,2398.0,0x0000000000000000,58.9,50.85,63.0,2,535
2026-09-30T19:42:47,0.9,2.73046875,99.0,28.9,0.0,55.0,14.3,0.0,2405.0,0x0000000000000000,57.9,49.85,62.0,,533
2026-09-30T19:42:57,7.4,2.310546875,99.0,28.9,0.0,55.0,14.41,0.0,2405.0,0x0000000000000000,58.3,49.85,62.0,,534
2026-09-30T19:43:07,0.5,1.955078125,99.0,28.9,0.0,54.0,14.24,0.0,2405.0,0x0000000000000000,56.9,49.85,61.0,2,536
2026-09-30T19:43:17,0.5,1.654296875,99.0,28.9,0.0,53.0,14.07,0.0,2405.0,0x0000000000000000,55.9,49.85,60.0,,534
2026-09-30T19:43:27,0.5,1.3994140625,99.0,28.9,0.0,53.0,13.69,0.0,2405.0,0x0000000000000000,55.0,49.85,59.0,,531
2026-09-30T19:43:37,0.5,1.18359375,99.0,28.9,0.0,52.0,13.63,0.0,2405.0,0x0000000000000000,54.8,49.85,59.0,2,532
2026-09-30T19:43:47,0.6,1.0009765625,99.0,28.9,0.0,52.0,13.61,0.0,2405.0,0x0000000000000000,53.9,48.85,58.0,,532
2026-09-30T19:43:57,0.8,0.8466796875,99.0,28.9,0.0,51.0,19.28,0.0,2405.0,0x0000000000000000,54.4,48.85,58.0,,532
2026-09-30T19:44:07,8.3,1.01123046875,99.3,28.9,0.0,52.0,13.7,0.0,2405.0,0x0000000000000000,54.8,48.85,59.0,2,528
2026-09-30T19:44:18,3.2,0.85546875,99.2,28.2,0.0,52.0,13.64,0.0,2405.0,0x0000000000000000,57.1,48.85,58.0,,533
2026-09-30T19:44:28,14.3,0.87109375,98.9,28.9,0.0,52.0,13.77,0.0,2405.0,0x0000000000000000,67.1,48.85,58.0,,532
2026-09-30T19:44:38,8.6,0.8173828125,98.7,28.9,0.0,57.0,49.94,94.0,2522.0,0x0000000000000000,69.5,48.85,59.0,2,534
2026-09-30T19:44:48,16.6,1.66259765625,99.0,28.9,0.0,56.0,14.43,0.0,2405.0,0x0000000000000000,59.2,48.85,62.0,,530
2026-09-30T19:44:58,1.9,1.40673828125,99.1,28.2,0.0,54.0,14.3,0.0,2398.0,0x0000000000000000,58.3,48.85,60.0,,568
2026-09-30T19:45:08,12.6,2.8720703125,98.8,28.8,0.0,54.0,14.27,0.0,2398.0,0x0000000000000000,66.7,48.85,60.0,2,535
2026-09-30T19:45:18,5.4,2.6572265625,98.6,28.9,0.0,64.0,57.44,0.0,2405.0,0x0000000000000000,62.4,48.85,60.0,,538
2026-09-30T19:45:28,11.0,2.69091796875,99.0,28.9,0.0,55.0,14.36,0.0,2405.0,0x0000000000000000,58.1,48.85,61.0,,534
2026-09-30T19:45:38,2.1,2.43017578125,99.0,28.2,0.0,54.0,14.03,0.0,2405.0,0x0000000000000000,57.1,48.85,60.0,2,574
2026-09-30T19:45:48,14.0,2.05615234375,98.7,28.8,0.0,54.0,14.2,0.0,2398.0,0x0000000000000000,69.3,48.85,60.0,,535
2026-09-30T19:45:58,10.5,1.9609375,98.6,28.9,0.0,61.0,53.74,95.0,2522.0,0x0000000000000000,67.4,48.85,60.0,,534
2026-09-30T19:46:08,13.1,2.6171875,99.0,28.9,0.0,55.0,14.27,0.0,2405.0,0x0000000000000000,58.2,48.85,61.0,2,527
2026-09-30T19:46:18,2.1,2.29443359375,99.0,28.2,0.0,54.0,14.19,0.0,2405.0,0x0000000000000000,57.1,48.85,60.0,,570
2026-09-30T19:46:29,14.1,2.0146484375,98.7,28.8,0.0,54.0,14.31,0.0,2398.0,0x0000000000000000,72.7,48.85,60.0,,532
2026-09-30T19:46:39,7.2,1.77783203125,98.6,28.9,0.0,62.0,56.88,95.0,2522.0,0x0000000000000000,69.7,48.85,60.0,2,534
2026-09-30T19:46:49,27.8,1.818359375,98.8,28.9,0.0,66.0,54.65,95.0,2502.0,0x0000000000000000,77.4,48.85,64.0,,534
2026-09-30T19:46:59,10.4,3.01171875,99.0,28.9,0.0,58.0,14.83,0.0,2405.0,0x0000000000000000,61.0,48.85,64.0,,531
2026-09-30T19:47:09,3.2,2.869140625,99.0,28.2,0.0,56.0,14.6,0.0,2398.0,0x0000000000000000,59.9,48.85,63.0,2,576
2026-09-30T19:47:19,13.9,2.58154296875,98.7,28.9,0.0,56.0,14.56,0.0,2398.0,0x0000000000000000,75.0,48.85,62.0,,534
2026-09-30T19:47:29,7.2,2.337890625,98.7,28.9,0.0,63.0,53.73,95.0,2502.0,0x0000000000000000,75.3,48.85,62.0,,536
2026-09-30T19:47:39,27.4,2.359375,98.8,28.9,0.0,67.0,50.88,93.0,2502.0,0x0000000000000000,76.6,48.85,65.0,2,536
2026-09-30T19:47:49,12.8,2.2978515625,98.8,28.9,0.0,62.0,15.91,0.0,2405.0,0x0000000000000000,66.8,48.85,67.0,,534
2026-09-30T19:47:59,1.5,1.9443359375,98.8,28.9,0.0,61.0,43.0,0.0,2431.0,0x0000000000000000,71.0,48.85,65.0,,535
2026-09-30T19:48:10,5.9,1.6611328125,98.8,28.9,0.0,65.0,49.28,95.0,2509.0,0x0000000000000000,79.6,49.85,65.0,2,536
2026-09-30T19:48:20,3.7,1.4052734375,98.8,28.9,0.0,58.0,14.8,0.0,2405.0,0x0000000000000000,60.9,49.85,64.0,,534
2026-09-30T19:48:30,7.5,1.26904296875,98.8,28.9,0.0,63.0,48.6,95.0,2509.0,0x0000000000000000,71.6,49.85,63.0,,535
2026-09-30T19:48:40,0.6,1.0732421875,98.8,28.9,0.0,56.0,14.38,0.0,2405.0,0x0000000000000000,59.0,49.85,62.0,2,535
2026-09-30T19:48:50,0.6,0.90771484375,98.8,28.9,0.0,55.0,14.3,0.0,2405.0,0x0000000000000000,57.6,49.85,61.0,,534
2026-09-30T19:49:00,0.4,0.76806640625,98.8,28.9,0.0,54.0,14.05,0.0,2405.0,0x0000000000000000,56.5,48.85,60.0,,534
2026-09-30T19:49:10,7.6,0.80419921875,98.8,28.9,0.0,54.0,14.01,0.0,2405.0,0x0000000000000000,57.1,48.85,60.0,2,534
2026-09-30T19:49:20,0.5,0.68017578125,98.8,28.9,0.0,53.0,13.72,0.0,2405.0,0x0000000000000000,55.9,48.85,60.0,,531
2026-09-30T19:49:30,0.4,0.5751953125,98.8,28.9,0.0,53.0,13.79,0.0,2398.0,0x0000000000000000,55.0,48.85,59.0,,531
2026-09-30T19:49:40,0.5,0.486328125,98.8,28.9,0.0,52.0,13.52,0.0,2405.0,0x0000000000000000,54.7,48.85,58.0,2,531
2026-09-30T19:49:50,0.6,0.4111328125,98.8,28.9,0.0,51.0,13.5,0.0,2405.0,0x0000000000000000,54.0,48.85,58.0,,531
2026-09-30T19:50:00,0.5,0.82861328125,98.8,28.9,0.0,51.0,13.32,0.0,2405.0,0x0000000000000000,53.7,47.85,57.0,,529
2026-09-30T19:50:11,4.8,0.78125,98.8,28.9,0.0,57.0,46.97,95.0,2522.0,0x0000000000000000,60.6,47.85,57.0,2,529
2026-09-30T19:50:21,4.3,0.9013671875,99.1,28.9,0.0,52.0,13.48,0.0,2405.0,0x0000000000000000,54.1,47.85,58.0,,526
2026-09-30T19:50:31,4.5,0.98388671875,99.0,28.3,0.0,51.0,13.64,0.0,2405.0,0x0000000000000000,55.5,47.85,58.0,,532
2026-09-30T19:50:41,12.6,1.06005859375,98.7,28.9,0.0,51.0,13.7,0.0,2405.0,0x0000000000000000,67.8,47.85,58.0,2,533
2026-09-30T19:50:51,7.6,1.27197265625,99.0,28.9,0.0,60.0,50.03,95.0,2522.0,0x0000000000000000,65.8,47.85,59.0,,535
2026-09-30T19:51:01,18.2,1.96044921875,99.0,28.9,0.0,55.0,14.29,0.0,2405.0,0x0000000000000000,58.1,47.85,61.0,,531
2026-09-30T19:51:11,0.8,1.73876953125,99.2,28.9,0.0,53.0,13.93,0.0,2398.0,0x0000000000000000,56.0,47.85,60.0,2,528
2026-09-30T19:51:21,8.5,2.3203125,99.0,28.5,0.0,53.0,14.09,0.0,2398.0,0x0000000000000000,61.4,48.85,59.0,,533
2026-09-30T19:51:31,9.5,2.03662109375,99.0,28.9,0.0,53.0,13.81,0.0,2405.0,0x0000000000000000,61.0,47.85,59.0,,533
2026-09-30T19:51:41,17.4,1.87646484375,99.1,28.9,0.0,63.0,50.73,95.0,2470.0,0x0000000000000000,70.0,47.85,62.0,2,535
2026-09-30T19:51:51,17.7,3.5771484375,99.3,28.9,0.0,58.0,14.7,0.0,2405.0,0x0000000000000000,61.2,47.85,63.0,,531
2026-09-30T19:52:01,1.7,3.10693359375,99.4,28.2,0.0,55.0,14.36,0.0,2398.0,0x0000000000000000,59.4,47.85,62.0,,530
2026-09-30T19:52:11,12.8,3.18359375,99.1,28.8,0.0,55.0,14.34,0.0,2398.0,0x0000000000000000,64.7,48.85,61.0,2,534
2026-09-30T19:52:22,5.4,2.99462890625,98.9,28.9,0.0,58.0,44.57,26.0,2405.0,0x0000000000000000,61.1,47.85,61.0,,538
2026-09-30T19:52:32,25.2,2.982421875,99.0,28.9,0.0,65.0,53.63,91.0,2502.0,0x0000000000000000,76.0,47.85,63.0,,534
2026-09-30T19:52:42,7.0,2.5966796875,99.3,28.9,0.0,57.0,14.49,0.0,2405.0,0x0000000000000000,59.9,48.85,63.0,2,529
2026-09-30T19:52:52,4.8,2.197265625,99.2,28.3,0.0,55.0,14.41,0.0,2398.0,0x0000000000000000,60.9,48.85,61.0,,536
2026-09-30T19:53:02,13.2,3.21142578125,99.1,28.9,0.0,55.0,14.29,0.0,2405.0,0x0000000000000000,66.0,48.85,61.0,,535
2026-09-30T19:53:12,12.1,3.43212890625,99.0,28.9,0.0,64.0,51.79,92.0,2502.0,0x0000000000000000,71.5,48.85,62.0,2,535
2026-09-30T19:53:22,18.8,3.19921875,99.3,28.9,0.0,58.0,14.86,0.0,2405.0,0x0000000000000000,61.5,48.85,64.0,,531
2026-09-30T19:53:32,2.1,2.8671875,99.3,28.2,0.0,56.0,14.49,0.0,2398.0,0x0000000000000000,61.8,48.85,62.0,,570
2026-09-30T19:53:42,12.7,2.88818359375,99.1,28.8,0.0,55.0,14.46,0.0,2398.0,0x0000000000000000,67.6,48.85,61.0,2,533
2026-09-30T19:53:52,7.6,2.7451171875,98.9,28.9,0.0,61.0,51.31,95.0,2522.0,0x0000000000000000,66.6,48.85,61.0,,535
2026-09-30T19:54:02,29.7,4.80908203125,99.0,28.9,0.0,66.0,55.09,95.0,2502.0,0x0000000000000000,74.8,48.85,64.0,,535
2026-09-30T19:54:13,27.5,4.37060546875,99.0,28.9,0.0,69.0,55.45,94.0,2509.0,0x0000000000000000,75.0,48.85,67.0,2,535
2026-09-30T19:54:23,15.5,3.77197265625,99.3,28.9,0.0,61.0,15.44,0.0,2405.0,0x0000000000000000,64.1,48.85,67.0,,535
2026-09-30T19:54:33,2.1,3.271484375,99.3,28.2,0.0,58.0,14.78,0.0,2405.0,0x0000000000000000,62.3,49.85,64.0,,574
2026-09-30T19:54:43,13.4,2.92822265625,98.9,28.8,0.0,57.0,14.7,0.0,2398.0,0x0000000000000000,77.0,49.85,63.0,2,538
2026-09-30T19:54:53,5.4,2.55126953125,98.9,28.9,0.0,69.0,93.68,96.0,2463.0,0x0000000000000000,74.2,49.85,62.0,,539
2026-09-30T19:55:03,29.8,3.44384765625,99.0,28.9,0.0,67.0,55.02,95.0,2502.0,0x0000000000000000,75.8,49.85,66.0,,539
2026-09-30T19:55:13,20.6,3.87841796875,99.3,28.9,0.0,61.0,15.59,0.0,2405.0,0x0000000000000000,65.0,49.85,67.0,2,539
2026-09-30T19:55:23,0.8,3.28125,99.3,28.9,0.0,58.0,14.77,0.0,2405.0,0x0000000000000000,60.8,49.85,64.0,,534
2026-09-30T19:55:33,4.4,2.92333984375,99.3,28.3,0.0,56.0,14.64,0.0,2405.0,0x0000000000000000,62.8,49.85,62.0,,538
2026-09-30T19:55:43,12.9,2.5537109375,99.1,28.9,0.0,56.0,14.49,0.0,2405.0,0x0000000000000000,62.1,49.85,62.0,2,537
2026-09-30T19:55:53,12.7,2.38818359375,99.0,28.9,0.0,65.0,53.97,92.0,2502.0,0x0000000000000000,75.6,49.85,63.0,,532
2026-09-30T19:56:03,28.9,3.62255859375,99.1,28.9,0.0,68.0,54.9,93.0,2502.0,0x0000000000000000,79.5,49.85,66.0,,532
2026-09-30T19:56:14,5.6,3.94921875,99.3,28.9,0.0,59.0,15.03,0.0,2405.0,0x0000000000000000,62.2,49.85,65.0,2,527
2026-09-30T19:56:24,1.0,3.341796875,99.4,28.4,0.0,57.0,14.62,0.0,2398.0,0x0000000000000000,62.7,49.85,63.0,,525
2026-09-30T19:56:34,10.3,2.9072265625,99.1,28.5,0.0,56.0,14.72,0.0,2398.0,0x0000000000000000,65.7,49.85,62.0,,531
2026-09-30T19:56:44,5.9,2.4599609375,99.1,28.9,0.0,56.0,14.36,0.0,2398.0,0x0000000000000000,66.2,49.85,62.0,2,532
2026-09-30T19:56:54,16.2,2.31494140625,98.9,28.9,0.0,64.0,50.71,94.0,2502.0,0x0000000000000000,74.9,49.85,63.0,,534
2026-09-30T19:57:04,27.4,3.63427734375,99.0,28.9,0.0,69.0,67.78,22.0,2489.0,0x0000000000000000,76.2,49.85,66.0,,534
2026-09-30T19:57:14,25.2,4.97216796875,99.3,28.9,0.0,63.0,16.08,0.0,2405.0,0x0000000000000000,67.9,49.85,68.0,2,529
2026-09-30T19:57:24,1.1,4.20703125,99.3,28.5,0.0,59.0,15.05,0.0,2398.0,0x0000000000000000,66.4,49.85,65.0,,527
2026-09-30T19:57:34,11.9,3.70751953125,99.0,28.7,0.0,58.0,14.89,0.0,2398.0,0x0000000000000000,65.5,50.85,64.0,,533
2026-09-30T19:57:44,6.4,3.9130859375,98.9,28.9,0.0,57.0,14.64,0.0,2398.0,0x0000000000000000,70.6,49.85,63.0,2,534
2026-09-30T19:57:54,20.1,3.70556640625,99.2,28.9,0.0,67.0,53.35,90.0,2502.0,0x0000000000000000,74.1,49.85,66.0,,534
2026-09-30T19:58:04,23.9,3.2890625,99.4,28.9,0.0,63.0,16.43,0.0,2411.0,0x0000000000000000,70.1,49.85,68.0,,528
2026-09-30T19:58:15,0.8,2.92333984375,99.4,28.9,0.0,59.0,14.97,0.0,2405.0,0x0000000000000000,62.0,50.85,65.0,2,529
2026-09-30T19:58:25,11.5,2.71435546875,99.2,28.6,0.0,58.0,15.01,0.0,2398.0,0x0000000000000000,69.5,50.85,64.0,,535
2026-09-30T19:58:35,6.4,2.4501953125,99.1,28.9,0.0,57.0,14.69,0.0,2405.0,0x0000000000000000,67.7,50.85,63.0,,534
2026-09-30T19:58:45,18.9,3.1083984375,98.5,28.9,0.0,67.0,55.35,95.0,2502.0,0x0000000000000000,73.2,50.85,65.0,2,533
2026-09-30T19:58:55,11.4,2.77734375,98.7,28.9,0.0,59.0,15.1,0.0,2405.0,0x0000000000000000,62.6,50.85,65.0,,530
2026-09-30T19:59:05,3.4,2.51025390625,98.8,28.2,0.0,57.0,14.78,0.0,2398.0,0x0000000000000000,61.9,50.85,64.0,,569
2026-09-30T19:59:15,7.1,2.1240234375,98.9,28.2,0.0,56.0,14.52,0.0,2405.0,0x0000000000000000,59.2,50.85,63.0,0,523
2026-09-30T19:59:25,0.2,1.796875,98.9,28.2,0.0,55.0,14.26,0.0,2405.0,0x0000000000000000,57.8,50.85,62.0,,520
2026-09-30T19:59:35,0.1,1.52001953125,98.9,28.2,0.0,54.0,14.06,0.0,2405.0,0x0000000000000000,56.9,49.85,61.0,,519
2026-09-30T19:59:45,0.3,1.4462890625,98.9,28.2,0.0,53.0,13.97,0.0,2405.0,0x0000000000000000,56.0,49.85,60.0,0,516
2026-09-30T19:59:55,0.1,1.22314453125,98.9,28.2,0.0,53.0,13.66,0.0,2405.0,0x0000000000000000,55.0,49.85,59.0,,516
2026-09-30T20:00:05,0.1,1.03466796875,98.9,28.2,0.0,52.0,13.59,0.0,2405.0,0x0000000000000000,54.8,49.85,59.0,,517
2026-09-30T20:00:16,0.2,0.875,99.0,28.2,0.0,52.0,13.57,0.0,2405.0,0x0000000000000000,53.9,48.85,58.0,0,517
2026-09-30T20:00:26,0.2,0.740234375,98.9,28.2,0.0,51.0,13.52,0.0,2405.0,0x0000000000000000,53.9,48.85,58.0,,516
2026-09-30T20:00:36,0.1,0.6259765625,98.9,28.2,0.0,51.0,13.45,0.0,2405.0,0x0000000000000000,52.9,48.85,57.0,,516
2026-09-30T20:00:46,0.3,0.529296875,99.0,28.2,0.0,50.0,13.31,0.0,2405.0,0x0000000000000000,52.8,48.85,57.0,0,516
2026-09-30T20:00:56,0.1,0.44775390625,99.0,28.2,0.0,50.0,13.26,0.0,2405.0,0x0000000000000000,52.1,47.85,57.0,,516
2026-09-30T20:01:06,0.5,0.37841796875,98.9,28.2,0.0,50.0,13.23,0.0,2405.0,0x0000000000000000,52.2,47.85,56.0,,516
2026-09-30T20:01:16,0.1,0.3193359375,98.9,28.2,0.0,50.0,13.04,0.0,2405.0,0x0000000000000000,51.8,47.85,56.0,0,517
2026-09-30T20:01:26,0.2,0.26953125,99.0,28.2,0.0,49.0,13.05,0.0,2405.0,0x0000000000000000,51.8,47.85,56.0,,515
2026-09-30T20:01:36,0.1,0.2275390625,99.0,28.2,0.0,49.0,12.94,0.0,2405.0,0x0000000000000000,50.8,47.85,56.0,,515
2026-09-30T20:01:46,0.2,0.19189453125,99.0,28.2,0.0,49.0,12.91,0.0,2405.0,0x0000000000000000,50.8,46.85,55.0,0,515
2026-09-30T20:01:56,0.1,0.162109375,99.0,28.2,0.0,49.0,12.91,0.0,2405.0,0x0000000000000000,50.8,46.85,55.0,,511
2026-09-30T20:02:06,0.1,0.13671875,99.0,28.2,0.0,48.0,12.9,0.0,2405.0,0x0000000000000000,50.8,46.85,55.0,,511
2026-09-30T20:02:16,0.2,0.19580078125,99.0,28.2,0.0,48.0,12.87,0.0,2405.0,0x0000000000000000,50.7,46.85,55.0,0,512
2026-09-30T20:02:27,0.1,0.1650390625,99.0,28.2,0.0,48.0,12.77,0.0,2405.0,0x0000000000000000,50.0,46.85,54.0,,508
2026-09-30T20:02:37,0.1,0.45361328125,99.0,28.2,0.0,48.0,12.91,0.0,2405.0,0x0000000000000000,49.8,46.85,54.0,,510
2026-09-30T20:02:47,0.2,0.38330078125,99.0,28.2,0.0,48.0,12.84,0.0,2405.0,0x0000000000000000,49.8,45.85,54.0,0,510
2026-09-30T20:02:57,0.1,0.32421875,99.0,28.2,0.0,48.0,12.7,0.0,2405.0,0x0000000000000000,49.8,45.85,54.0,,510
2026-09-30T20:03:07,0.1,0.27392578125,99.0,28.2,0.0,48.0,12.68,0.0,2405.0,0x0000000000000000,49.8,45.85,54.0,,511
2026-09-30T20:03:17,0.1,0.2314453125,99.0,28.2,0.0,47.0,12.8,0.0,2405.0,0x0000000000000000,49.8,45.85,54.0,0,511
2026-09-30T20:03:27,0.2,0.26953125,99.0,28.2,0.0,47.0,12.74,0.0,2405.0,0x0000000000000000,49.8,45.85,53.0,,511
2026-09-30T20:03:37,0.1,0.3017578125,99.0,28.2,0.0,47.0,12.68,0.0,2405.0,0x0000000000000000,49.0,45.85,54.0,,508
2026-09-30T20:03:47,0.3,0.2548828125,99.0,28.2,0.0,47.0,12.57,0.0,2405.0,0x0000000000000000,48.8,44.85,54.0,0,508
2026-09-30T20:03:57,0.1,0.21533203125,99.0,28.2,0.0,47.0,12.73,0.0,2405.0,0x0000000000000000,48.8,44.85,53.0,,508
2026-09-30T20:04:07,0.1,0.181640625,99.0,28.2,0.0,47.0,12.66,0.0,2405.0,0x0000000000000000,48.8,44.85,53.0,,508
2026-09-30T20:04:17,0.2,0.1533203125,99.0,28.2,0.0,47.0,12.66,0.0,2405.0,0x0000000000000000,48.8,44.85,53.0,0,502
2026-09-30T20:04:27,0.2,0.12890625,99.0,28.2,0.0,47.0,12.59,0.0,2405.0,0x0000000000000000,48.8,44.85,53.0,,503
2026-09-30T20:04:38,0.1,0.1083984375,99.0,28.2,0.0,47.0,12.69,0.0,2405.0,0x0000000000000000,48.8,44.85,53.0,,504
2026-09-30T20:04:48,0.2,0.09130859375,99.0,28.2,0.0,47.0,12.59,0.0,2405.0,0x0000000000000000,48.8,44.85,53.0,0,505
2026-09-30T20:04:58,0.2,0.224609375,99.0,28.2,0.0,46.0,12.61,0.0,2405.0,0x0000000000000000,48.8,44.85,53.0,,505
2026-09-30T20:05:08,0.5,0.18994140625,99.0,28.2,0.0,46.0,12.65,0.0,2405.0,0x0000000000000000,48.8,43.85,53.0,,505
2026-09-30T20:05:18,0.1,0.16015625,99.0,28.2,0.0,46.0,12.58,0.0,2405.0,0x0000000000000000,48.3,43.85,53.0,0,505
2026-09-30T20:05:28,0.2,0.134765625,99.0,28.2,0.0,46.0,12.65,0.0,2405.0,0x0000000000000000,47.9,43.85,53.0,,506
2026-09-30T20:05:38,0.1,0.11328125,99.0,28.2,0.0,46.0,12.56,0.0,2405.0,0x0000000000000000,47.8,43.85,52.0,,506
2026-09-30T20:05:48,0.3,0.09521484375,99.0,28.2,0.0,46.0,12.53,0.0,2405.0,0x0000000000000000,47.8,43.85,52.0,0,506
2026-09-30T20:05:58,0.1,0.080078125,99.0,28.2,0.0,46.0,12.46,0.0,2405.0,0x0000000000000000,47.8,43.85,52.0,,507
2026-09-30T20:06:08,0.1,0.06689453125,99.0,28.2,0.0,46.0,12.5,0.0,2405.0,0x0000000000000000,47.8,43.85,52.0,,507
2026-09-30T20:06:18,0.1,0.05615234375,99.0,28.2,0.0,46.0,12.5,0.0,2405.0,0x0000000000000000,47.8,43.85,52.0,0,507
2026-09-30T20:06:28,0.1,0.046875,99.0,28.2,0.0,46.0,12.4,0.0,2405.0,0x0000000000000000,47.8,43.85,52.0,,507
2026-09-30T20:06:38,0.1,0.0390625,99.0,28.2,0.0,46.0,12.5,0.0,2405.0,0x0000000000000000,47.8,43.85,52.0,,507
2026-09-30T20:06:49,0.3,0.03271484375,99.0,28.2,0.0,46.0,12.53,0.0,2405.0,0x0000000000000000,47.8,42.85,52.0,0,507
2026-09-30T20:06:59,0.2,0.02734375,99.0,28.2,0.0,46.0,12.47,0.0,2405.0,0x0000000000000000,47.8,42.85,52.0,,507
2026-09-30T20:07:09,0.1,0.0224609375,99.0,28.2,0.0,46.0,12.44,0.0,2405.0,0x0000000000000000,47.8,42.85,52.0,,507
2026-09-30T20:07:19,0.1,0.0185546875,99.0,28.2,0.0,46.0,12.62,0.0,2405.0,0x0000000000000000,47.8,42.85,52.0,0,508
2026-09-30T20:07:29,0.2,0.01513671875,99.0,28.2,0.0,46.0,12.53,0.0,2405.0,0x0000000000000000,47.8,42.85,52.0,,507
2026-09-30T20:07:39,0.1,0.01220703125,99.0,28.2,0.0,46.0,12.52,0.0,2405.0,0x0000000000000000,47.8,42.85,52.0,,506
2026-09-30T20:07:49,0.3,0.009765625,99.0,28.2,0.0,45.0,12.59,0.0,2405.0,0x0000000000000000,47.7,42.85,52.0,0,507
2026-09-30T20:07:59,0.1,0.0078125,99.0,28.2,0.0,45.0,12.44,0.0,2405.0,0x0000000000000000,47.3,42.85,52.0,,505
2026-09-30T20:08:09,0.1,0.005859375,99.0,28.2,0.0,45.0,12.39,0.0,2405.0,0x0000000000000000,47.1,42.85,52.0,,506
2026-09-30T20:08:19,0.2,0.07861328125,99.0,28.2,0.0,45.0,12.49,0.0,2405.0,0x0000000000000000,47.0,42.85,51.0,0,506
2026-09-30T20:08:29,0.1,0.06640625,99.0,28.2,0.0,45.0,12.5,0.0,2405.0,0x0000000000000000,46.9,42.85,52.0,,506
2026-09-30T20:08:39,0.1,0.0556640625,99.0,28.2,0.0,45.0,12.6,0.0,2405.0,0x0000000000000000,46.9,42.85,52.0,,506
2026-09-30T20:08:49,0.3,0.04638671875,99.0,28.2,0.0,45.0,12.38,0.0,2405.0,0x0000000000000000,46.8,42.85,51.0,0,506
2026-09-30T20:08:59,0.1,0.0390625,99.0,28.2,0.0,45.0,12.45,0.0,2405.0,0x0000000000000000,46.9,42.85,52.0,,506
2026-09-30T20:09:10,0.5,0.03271484375,99.0,28.2,0.0,45.0,12.58,0.0,2405.0,0x0000000000000000,47.0,42.85,51.0,,502
2026-09-30T20:09:20,0.1,0.02734375,99.0,28.2,0.0,45.0,12.41,0.0,2405.0,0x0000000000000000,46.9,41.85,51.0,0,502
2026-09-30T20:09:30,0.2,0.0888671875,99.0,28.2,0.0,45.0,12.37,0.0,2405.0,0x0000000000000000,46.9,41.85,51.0,,503
2026-09-30T20:09:40,0.1,0.07470703125,99.0,28.2,0.0,45.0,12.47,0.0,2405.0,0x0000000000000000,46.9,41.85,51.0,,502
2026-09-30T20:09:50,0.3,0.0625,99.0,28.2,0.0,45.0,12.44,0.0,2405.0,0x0000000000000000,46.9,41.85,51.0,0,502
2026-09-30T20:10:00,0.1,0.12646484375,99.0,28.2,0.0,45.0,12.44,0.0,2405.0,0x0000000000000000,47.0,41.85,51.0,,502
2026-09-30T20:10:10,0.2,0.1064453125,99.0,28.2,0.0,45.0,12.41,0.0,2405.0,0x0000000000000000,46.8,41.85,51.0,,502
2026-09-30T20:10:20,0.1,0.08935546875,99.0,28.2,0.0,45.0,12.43,0.0,2405.0,0x0000000000000000,46.8,41.85,51.0,0,500
2026-09-30T20:10:30,0.1,0.0751953125,99.0,28.2,0.0,45.0,12.43,0.0,2405.0,0x0000000000000000,46.8,41.85,51.0,,500
2026-09-30T20:10:40,0.1,0.06298828125,99.0,28.2,0.0,45.0,12.46,0.0,2405.0,0x0000000000000000,46.8,41.85,51.0,,500
2026-09-30T20:10:50,0.3,0.052734375,99.0,28.2,0.0,45.0,12.49,0.0,2405.0,0x0000000000000000,46.8,41.85,51.0,0,500
2026-09-30T20:11:00,0.1,0.04443359375,99.0,28.2,0.0,45.0,12.44,0.0,2405.0,0x0000000000000000,46.8,41.85,51.0,,500
2026-09-30T20:11:10,0.2,0.037109375,99.0,28.2,0.0,45.0,12.45,0.0,2405.0,0x0000000000000000,46.8,41.85,51.0,,500
2026-09-30T20:11:21,0.1,0.03076171875,99.0,28.2,0.0,45.0,12.46,0.0,2405.0,0x0000000000000000,46.8,41.85,51.0,0,501
2026-09-30T20:11:31,0.2,0.025390625,99.0,28.2,0.0,45.0,12.37,0.0,2405.0,0x0000000000000000,46.8,41.85,51.0,,501
2026-09-30T20:11:41,0.1,0.09521484375,99.0,28.2,0.0,45.0,12.31,0.0,2405.0,0x0000000000000000,46.8,41.85,51.0,,501
2026-09-30T20:11:51,0.3,0.080078125,99.0,28.2,0.0,45.0,12.29,0.0,2405.0,0x0000000000000000,46.8,41.85,51.0,0,501
2026-09-30T20:12:01,0.1,0.06689453125,99.0,28.2,0.0,45.0,12.44,0.0,2405.0,0x0000000000000000,46.8,41.85,51.0,,501
2026-09-30T20:12:11,0.1,0.05615234375,99.0,28.2,0.0,45.0,12.33,0.0,2405.0,0x0000000000000000,46.8,41.85,51.0,,501
2026-09-30T20:12:21,0.1,0.046875,99.0,28.2,0.0,45.0,12.29,0.0,2405.0,0x0000000000000000,46.8,41.85,51.0,0,502
2026-09-30T20:12:31,0.1,0.0390625,99.0,28.2,0.0,45.0,12.4,0.0,2405.0,0x0000000000000000,46.8,41.85,51.0,,502
2026-09-30T20:12:41,0.1,0.03271484375,99.0,28.2,0.0,45.0,12.44,0.0,2405.0,0x0000000000000000,46.8,41.85,51.0,,502
2026-09-30T20:12:51,0.2,0.02734375,99.0,28.2,0.0,45.0,12.31,0.0,2405.0,0x0000000000000000,46.8,41.85,51.0,0,501
2026-09-30T20:13:01,0.1,0.0966796875,99.0,28.2,0.0,45.0,12.4,0.0,2405.0,0x0000000000000000,46.8,41.85,51.0,,501
2026-09-30T20:13:11,0.5,0.08154296875,99.0,28.2,0.0,45.0,12.43,0.0,2405.0,0x0000000000000000,46.8,41.85,51.0,,502
2026-09-30T20:13:21,0.1,0.068359375,99.0,28.2,0.0,45.0,12.45,0.0,2405.0,0x0000000000000000,46.8,41.85,51.0,0,501
2026-09-30T20:13:32,0.2,0.05712890625,99.0,28.2,0.0,45.0,12.44,0.0,2405.0,0x0000000000000000,46.8,41.85,51.0,,501
2026-09-30T20:13:42,0.1,0.0478515625,99.0,28.2,0.0,45.0,12.39,0.0,2405.0,0x0000000000000000,46.7,41.85,51.0,,501
2026-09-30T20:13:52,0.2,0.0400390625,99.0,28.2,0.0,45.0,12.29,0.0,2405.0,0x0000000000000000,46.7,41.85,51.0,0,501
2026-09-30T20:14:02,0.2,0.11376953125,99.0,28.2,0.0,45.0,12.28,0.0,2405.0,0x0000000000000000,46.5,41.85,51.0,,502
2026-09-30T20:14:12,0.2,0.095703125,99.0,28.2,0.0,44.0,12.29,0.0,2405.0,0x0000000000000000,46.7,41.85,51.0,,502
2026-09-30T20:14:22,0.1,0.08056640625,99.0,28.2,0.0,45.0,12.31,0.0,2405.0,0x0000000000000000,46.7,40.85,51.0,0,503
2026-09-30T20:14:32,0.1,0.0673828125,99.0,28.2,0.0,44.0,12.38,0.0,2405.0,0x0000000000000000,46.4,41.85,51.0,,502
2026-09-30T20:14:42,0.1,0.05615234375,99.0,28.2,0.0,44.0,12.34,0.0,2405.0,0x0000000000000000,46.6,40.85,51.0,,503
2026-09-30T20:14:52,0.2,0.046875,99.0,28.2,0.0,44.0,12.46,0.0,2405.0,0x0000000000000000,46.4,40.85,51.0,0,503
2026-09-30T20:15:02,0.2,0.0390625,99.0,28.2,0.0,44.0,12.42,0.0,2405.0,0x0000000000000000,46.4,40.85,51.0,,501
2026-09-30T20:15:12,0.1,0.2734375,99.0,28.2,0.0,44.0,12.19,0.0,2405.0,0x0000000000000000,46.3,40.85,51.0,,501
2026-09-30T20:15:22,0.2,0.23095703125,99.0,28.2,0.0,44.0,12.29,0.0,2405.0,0x0000000000000000,46.3,40.85,51.0,0,501
2026-09-30T20:15:32,0.2,0.26904296875,99.0,28.2,0.0,44.0,12.25,0.0,2405.0,0x0000000000000000,46.1,40.85,51.0,,501
2026-09-30T20:15:43,0.2,0.22705078125,99.0,28.2,0.0,44.0,12.41,0.0,2405.0,0x0000000000000000,46.5,40.85,51.0,,503
2026-09-30T20:15:53,0.1,0.19140625,99.0,28.2,0.0,44.0,12.47,0.0,2405.0,0x0000000000000000,45.8,40.85,51.0,0,503
2026-09-30T20:16:03,0.2,0.16162109375,99.0,28.2,0.0,44.0,12.22,0.0,2405.0,0x0000000000000000,46.1,40.85,51.0,,503
2026-09-30T20:16:13,0.2,0.13623046875,99.0,28.2,0.0,44.0,12.24,0.0,2405.0,0x0000000000000000,45.8,40.85,50.0,,503
2026-09-30T20:16:23,0.1,0.11474609375,99.0,28.2,0.0,44.0,12.35,0.0,2405.0,0x0000000000000000,46.2,40.85,51.0,0,504
2026-09-30T20:16:33,0.1,0.0966796875,99.0,28.2,0.0,44.0,12.17,0.0,2405.0,0x0000000000000000,46.0,40.85,51.0,,504
2026-09-30T20:16:43,0.2,0.08154296875,99.0,28.2,0.0,44.0,12.42,0.0,2405.0,0x0000000000000000,46.2,40.85,51.0,,502
2026-09-30T20:16:53,0.2,0.068359375,99.0,28.2,0.0,44.0,12.23,0.0,2405.0,0x0000000000000000,45.9,40.85,50.0,0,502
2026-09-30T20:17:03,0.1,0.05712890625,99.0,28.2,0.0,44.0,12.35,0.0,2405.0,0x0000000000000000,46.0,40.85,50.0,,503
2026-09-30T20:17:13,0.5,0.0478515625,99.0,28.2,0.0,44.0,12.3,0.0,2405.0,0x0000000000000000,45.9,40.85,51.0,,504
2026-09-30T20:17:23,0.1,0.0400390625,99.0,28.2,0.0,44.0,12.36,0.0,2405.0,0x0000000000000000,46.0,40.85,51.0,0,503
2026-09-30T20:17:33,0.2,0.033203125,99.0,28.2,0.0,44.0,12.2,0.0,2405.0,0x0000000000000000,45.9,40.85,51.0,,503
2026-09-30T20:17:43,0.3,0.02783203125,99.0,28.2,0.0,44.0,12.23,0.0,2405.0,0x0000000000000000,45.9,40.85,50.0,,503
2026-09-30T20:17:54,0.1,0.02294921875,99.0,28.2,0.0,44.0,12.27,0.0,2405.0,0x0000000000000000,45.9,40.85,50.0,0,503
2026-09-30T20:18:04,0.1,0.01904296875,99.0,28.2,0.0,44.0,12.43,0.0,2405.0,0x0000000000000000,45.9,40.85,51.0,,503
2026-09-30T20:18:14,0.2,0.015625,99.0,28.2,0.0,44.0,12.35,0.0,2405.0,0x0000000000000000,45.9,40.85,50.0,,503
2026-09-30T20:18:24,0.1,0.0126953125,99.0,28.2,0.0,44.0,12.29,0.0,2405.0,0x0000000000000000,45.9,40.85,51.0,0,502
2026-09-30T20:18:34,0.1,0.01025390625,99.0,28.2,0.0,44.0,12.16,0.0,2405.0,0x0000000000000000,45.9,40.85,51.0,,505
2026-09-30T20:18:44,0.3,0.00830078125,99.0,28.2,0.0,44.0,12.28,0.0,2405.0,0x0000000000000000,46.0,40.85,51.0,,505
2026-09-30T20:18:54,0.1,0.00634765625,99.0,28.2,0.0,44.0,12.32,0.0,2405.0,0x0000000000000000,45.9,40.85,51.0,0,504
2026-09-30T20:19:04,0.1,0.07861328125,99.0,28.2,0.0,44.0,12.3,0.0,2405.0,0x0000000000000000,46.1,40.85,50.0,,505
2026-09-30T20:19:14,0.1,0.06640625,99.0,28.2,0.0,44.0,12.29,0.0,2405.0,0x0000000000000000,45.9,40.85,51.0,,506
2026-09-30T20:19:24,0.1,0.0556640625,99.0,28.2,0.0,44.0,12.14,0.0,2405.0,0x0000000000000000,45.9,40.85,51.0,0,504
2026-09-30T20:19:34,0.2,0.04638671875,99.0,28.2,0.0,44.0,12.06,0.0,2405.0,0x0000000000000000,45.9,40.85,50.0,,504
2026-09-30T20:19:44,0.2,0.0390625,99.0,28.2,0.0,44.0,12.13,0.0,2405.0,0x0000000000000000,45.9,40.85,51.0,,504
2026-09-30T20:19:54,0.1,0.03271484375,99.0,28.2,0.0,44.0,12.28,0.0,2405.0,0x0000000000000000,45.8,40.85,50.0,0,503
2026-09-30T20:20:05,0.1,0.10791015625,99.0,28.2,0.0,44.0,12.27,0.0,2405.0,0x0000000000000000,45.8,40.85,51.0,,503
2026-09-30T20:20:15,0.2,0.0908203125,99.0,28.2,0.0,44.0,12.27,0.0,2405.0,0x0000000000000000,45.8,40.85,51.0,,504
2026-09-30T20:20:25,0.1,0.15087890625,99.0,28.2,0.0,44.0,12.12,0.0,2405.0,0x0000000000000000,45.8,40.85,51.0,0,504
2026-09-30T20:20:35,0.1,0.1171875,99.0,28.2,0.0,44.0,12.12,0.0,2405.0,0x0000000000000000,45.8,40.85,50.0,,505
2026-09-30T20:20:45,0.2,0.0986328125,99.0,28.2,0.0,44.0,12.23,0.0,2405.0,0x0000000000000000,45.8,40.85,51.0,,503
2026-09-30T20:20:55,0.1,0.0830078125,99.0,28.2,0.0,44.0,12.32,0.0,2405.0,0x0000000000000000,45.8,40.85,50.0,0,504
2026-09-30T20:21:05,0.2,0.06982421875,99.0,28.2,0.0,44.0,12.2,0.0,2405.0,0x0000000000000000,45.8,40.85,50.0,,503
2026-09-30T20:21:15,0.5,0.05859375,99.0,28.2,0.0,44.0,12.29,0.0,2405.0,0x0000000000000000,45.8,40.85,51.0,,503
2026-09-30T20:21:25,0.2,0.04931640625,99.0,28.2,0.0,44.0,12.2,0.0,2405.0,0x0000000000000000,45.8,40.85,50.0,0,504
2026-09-30T20:21:35,0.2,0.041015625,99.0,28.2,0.0,44.0,12.3,0.0,2405.0,0x0000000000000000,45.8,40.85,51.0,,504
2026-09-30T20:21:45,0.3,0.0341796875,99.0,28.2,0.0,44.0,12.14,0.0,2405.0,0x0000000000000000,45.8,40.85,51.0,,504
2026-09-30T20:21:55,0.1,0.0283203125,99.0,28.2,0.0,44.0,12.19,0.0,2405.0,0x0000000000000000,45.8,40.85,50.0,0,504
2026-09-30T20:22:05,0.1,0.0234375,99.0,28.2,0.0,44.0,12.29,0.0,2405.0,0x0000000000000000,45.8,40.85,51.0,,504
2026-09-30T20:22:16,0.2,0.01953125,99.0,28.2,0.0,44.0,12.11,0.0,2405.0,0x0000000000000000,45.8,40.85,51.0,,504
2026-09-30T20:22:26,0.1,0.08984375,99.0,28.2,0.0,44.0,12.27,0.0,2405.0,0x0000000000000000,45.8,40.85,51.0,0,504
2026-09-30T20:22:36,0.1,0.07568359375,99.0,28.2,0.0,44.0,12.25,0.0,2405.0,0x0000000000000000,45.8,40.85,50.0,,504
2026-09-30T20:22:46,0.3,0.0634765625,99.0,28.2,0.0,44.0,12.3,0.0,2405.0,0x0000000000000000,45.8,40.85,50.0,,504
2026-09-30T20:22:56,0.1,0.05322265625,99.0,28.2,0.0,44.0,12.24,0.0,2405.0,0x0000000000000000,45.8,40.85,51.0,0,504
2026-09-30T20:23:06,0.2,0.04443359375,99.0,28.2,0.0,44.0,12.24,0.0,2405.0,0x0000000000000000,45.8,40.85,50.0,,504
2026-09-30T20:23:16,0.5,0.037109375,99.0,28.2,0.0,44.0,12.28,0.0,2405.0,0x0000000000000000,45.8,40.85,50.0,,505
2026-09-30T20:23:26,0.1,0.03076171875,99.0,28.2,0.0,44.0,12.23,0.0,2405.0,0x0000000000000000,45.8,40.85,50.0,0,503
2026-09-30T20:23:36,0.7,0.025390625,99.0,28.2,0.0,44.0,12.33,0.0,2405.0,0x0000000000000000,45.8,40.85,50.0,,504
2026-09-30T20:23:46,0.3,0.02099609375,99.0,28.2,0.0,44.0,12.23,0.0,2405.0,0x0000000000000000,45.8,40.85,50.0,,501
2026-09-30T20:23:56,0.1,0.01708984375,99.0,28.2,0.0,44.0,12.38,0.0,2405.0,0x0000000000000000,45.8,40.85,50.0,0,501
2026-09-30T20:24:06,0.1,0.01416015625,99.0,28.2,0.0,44.0,12.28,0.0,2405.0,0x0000000000000000,45.8,40.85,50.0,,502
2026-09-30T20:24:16,0.2,0.01123046875,99.0,28.2,0.0,44.0,12.34,0.0,2405.0,0x0000000000000000,45.8,40.85,50.0,,502
2026-09-30T20:24:27,0.1,0.00927734375,99.0,28.2,0.0,44.0,12.4,0.0,2405.0,0x0000000000000000,45.8,40.85,51.0,0,503
2026-09-30T20:24:37,0.2,0.00732421875,99.0,28.2,0.0,44.0,12.3,0.0,2405.0,0x0000000000000000,45.8,40.85,51.0,,503
2026-09-30T20:24:47,0.3,0.00537109375,99.0,28.2,0.0,44.0,12.31,0.0,2405.0,0x0000000000000000,45.8,40.85,51.0,,504
2026-09-30T20:24:57,0.1,0.00439453125,99.0,28.2,0.0,44.0,12.42,0.0,2405.0,0x0000000000000000,45.8,40.85,51.0,0,504
2026-09-30T20:25:07,0.2,0.00341796875,99.0,28.2,0.0,44.0,12.43,0.0,2405.0,0x0000000000000000,45.8,40.85,51.0,,504
2026-09-30T20:25:17,0.1,0.00244140625,99.0,28.2,0.0,44.0,12.36,0.0,2405.0,0x0000000000000000,45.9,40.85,51.0,,504
2026-09-30T20:25:27,0.1,0.162109375,99.0,28.2,0.0,44.0,12.38,0.0,2405.0,0x0000000000000000,45.8,40.85,50.0,0,503
2026-09-30T20:25:37,0.1,0.13671875,99.0,28.2,0.0,44.0,12.31,0.0,2405.0,0x0000000000000000,45.8,40.85,51.0,,503
2026-09-30T20:25:47,0.2,0.115234375,99.0,28.2,0.0,44.0,12.35,0.0,2405.0,0x0000000000000000,45.8,40.85,50.0,,503
2026-09-30T20:25:57,0.1,0.177734375,99.0,28.2,0.0,44.0,12.24,0.0,2405.0,0x0000000000000000,45.8,40.85,50.0,0,502
2026-09-30T20:26:07,0.1,0.14990234375,99.0,28.2,0.0,44.0,12.18,0.0,2405.0,0x0000000000000000,45.8,40.85,50.0,,503
2026-09-30T20:26:17,0.2,0.12646484375,99.0,28.2,0.0,44.0,12.34,0.0,2405.0,0x0000000000000000,45.8,40.85,51.0,,503
2026-09-30T20:26:27,0.2,0.1064453125,99.0,28.2,0.0,44.0,12.25,0.0,2405.0,0x0000000000000000,45.8,40.85,51.0,0,502
2026-09-30T20:26:38,0.1,0.08935546875,99.0,28.2,0.0,44.0,12.25,0.0,2405.0,0x0000000000000000,45.8,40.85,51.0,,502
2026-09-30T20:26:48,5.1,0.23583984375,98.7,28.2,0.0,45.0,12.62,0.0,2405.0,0x0000000000000000,54.5,40.85,51.0,,509
2026-09-30T20:26:58,9.2,0.427734375,98.9,28.2,0.0,45.0,12.6,0.0,2405.0,0x0000000000000000,49.2,40.85,52.0,0,507
2026-09-30T20:27:08,5.7,0.44189453125,98.9,28.2,0.0,46.0,12.74,0.0,2405.0,0x0000000000000000,48.7,40.85,51.0,,507
2026-09-30T20:27:18,6.4,0.5283203125,99.0,28.2,0.0,46.0,12.75,0.0,2405.0,0x0000000000000000,49.9,40.85,52.0,,507
2026-09-30T20:27:28,6.0,0.52734375,98.9,28.2,0.0,46.0,12.88,0.0,2405.0,0x0000000000000000,48.9,40.85,52.0,0,507
2026-09-30T20:27:38,6.2,0.75439453125,99.0,28.2,0.0,46.0,12.91,0.0,2405.0,0x0000000000000000,50.2,40.85,52.0,,507
2026-09-30T20:27:48,6.4,0.859375,99.0,28.2,0.0,46.0,12.77,0.0,2405.0,0x0000000000000000,49.7,40.85,52.0,,508
2026-09-30T20:27:58,4.7,0.95556640625,99.0,28.2,0.0,46.0,12.72,0.0,2405.0,0x0000000000000000,48.8,41.85,52.0,0,509
2026-09-30T20:28:08,0.2,0.80810546875,99.0,28.2,0.0,46.0,12.61,0.0,2405.0,0x0000000000000000,47.9,41.85,52.0,,509
2026-09-30T20:28:18,0.2,0.68359375,99.0,28.2,0.0,46.0,12.55,0.0,2405.0,0x0000000000000000,47.8,41.85,52.0,,509
2026-09-30T20:28:28,0.1,0.57763671875,99.0,28.2,0.0,45.0,12.52,0.0,2405.0,0x0000000000000000,47.8,41.85,52.0,0,510
2026-09-30T20:28:38,0.1,0.56884765625,99.0,28.2,0.0,45.0,12.5,0.0,2405.0,0x0000000000000000,47.2,41.85,51.0,,508
2026-09-30T20:28:49,0.3,0.48095703125,99.0,28.2,0.0,45.0,12.47,0.0,2405.0,0x0000000000000000,47.1,41.85,51.0,,508
2026-09-30T20:28:59,0.2,0.40673828125,99.0,28.2,0.0,45.0,12.48,0.0,2405.0,0x0000000000000000,46.9,41.85,51.0,0,508
2026-09-30T20:29:09,0.1,0.34375,99.0,28.2,0.0,45.0,12.36,0.0,2405.0,0x0000000000000000,46.8,41.85,51.0,,508
2026-09-30T20:29:19,0.1,0.29052734375,99.0,28.2,0.0,45.0,12.47,0.0,2405.0,0x0000000000000000,46.8,41.85,51.0,,510
2026-09-30T20:29:29,0.1,0.24560546875,99.0,28.2,0.0,45.0,12.32,0.0,2405.0,0x0000000000000000,46.8,41.85,51.0,0,508
2026-09-30T20:29:39,0.2,0.20751953125,99.0,28.2,0.0,45.0,12.41,0.0,2405.0,0x0000000000000000,46.8,41.85,51.0,,508
2026-09-30T20:29:49,0.3,0.1748046875,99.0,28.2,0.0,45.0,12.43,0.0,2405.0,0x0000000000000000,46.8,41.85,51.0,,505
2026-09-30T20:29:59,0.1,0.1474609375,99.0,28.2,0.0,45.0,12.28,0.0,2405.0,0x0000000000000000,46.8,41.85,51.0,0,505
2026-09-30T20:30:09,0.2,0.1240234375,99.0,28.2,0.0,45.0,12.41,0.0,2405.0,0x0000000000000000,46.8,41.85,51.0,,505
2026-09-30T20:30:19,0.2,0.1044921875,99.0,28.2,0.0,45.0,12.43,0.0,2405.0,0x0000000000000000,46.8,41.85,51.0,,505
2026-09-30T20:30:29,0.1,0.087890625,99.0,28.2,0.0,45.0,12.35,0.0,2405.0,0x0000000000000000,46.8,41.85,51.0,0,505
2026-09-30T20:30:39,0.1,0.2216796875,99.0,28.2,0.0,45.0,12.37,0.0,2405.0,0x0000000000000000,46.8,41.85,51.0,,505
2026-09-30T20:30:49,0.2,0.18701171875,99.0,28.2,0.0,45.0,12.33,0.0,2405.0,0x0000000000000000,46.8,40.85,51.0,,505
2026-09-30T20:31:00,0.1,0.15771484375,99.0,28.2,0.0,45.0,12.44,0.0,2405.0,0x0000000000000000,46.8,40.85,51.0,0,505
2026-09-30T20:31:10,0.2,0.13330078125,99.0,28.2,0.0,45.0,12.34,0.0,2405.0,0x0000000000000000,46.8,40.85,51.0,,505
2026-09-30T20:31:20,0.1,0.1123046875,99.0,28.2,0.0,45.0,12.2,0.0,2405.0,0x0000000000000000,46.8,40.85,51.0,,505
2026-09-30T20:31:30,0.1,0.0947265625,99.0,28.2,0.0,45.0,12.28,0.0,2405.0,0x0000000000000000,46.8,40.85,51.0,0,505
2026-09-30T20:31:40,0.2,0.07958984375,99.0,28.2,0.0,45.0,12.39,0.0,2405.0,0x0000000000000000,46.8,40.85,51.0,,507
2026-09-30T20:31:50,0.3,0.14208984375,99.0,28.2,0.0,45.0,12.47,0.0,2405.0,0x0000000000000000,46.8,40.85,51.0,,506
2026-09-30T20:32:00,0.1,0.11962890625,99.0,28.2,0.0,45.0,12.35,0.0,2405.0,0x0000000000000000,46.7,40.85,51.0,0,504
2026-09-30T20:32:10,0.2,0.1005859375,99.0,28.2,0.0,45.0,12.31,0.0,2405.0,0x0000000000000000,46.7,40.85,51.0,,504
2026-09-30T20:32:20,0.1,0.08447265625,99.0,28.2,0.0,45.0,12.35,0.0,2405.0,0x0000000000000000,46.6,40.85,50.0,,504
2026-09-30T20:32:30,0.1,0.0712890625,99.0,28.2,0.0,44.0,12.3,0.0,2405.0,0x0000000000000000,46.7,40.85,51.0,0,503
2026-09-30T20:32:40,0.1,0.06005859375,99.0,28.2,0.0,45.0,12.44,0.0,2405.0,0x0000000000000000,46.4,40.85,51.0,,503
2026-09-30T20:32:50,0.3,0.05029296875,99.0,28.2,0.0,44.0,12.35,0.0,2405.0,0x0000000000000000,46.6,40.85,50.0,,502
2026-09-30T20:33:00,0.1,0.0419921875,99.0,28.2,0.0,44.0,12.4,0.0,2405.0,0x0000000000000000,46.6,40.85,50.0,0,500
2026-09-30T20:33:11,0.2,0.03515625,99.0,28.2,0.0,44.0,12.35,0.0,2405.0,0x0000000000000000,46.3,40.85,51.0,,500
2026-09-30T20:33:21,0.1,0.029296875,99.0,28.2,0.0,44.0,12.36,0.0,2405.0,0x0000000000000000,46.2,40.85,51.0,,500
2026-09-30T20:33:31,0.1,0.0244140625,99.0,28.2,0.0,44.0,12.3,0.0,2405.0,0x0000000000000000,46.2,40.85,50.0,0,500
2026-09-30T20:33:41,0.2,0.02001953125,99.0,28.2,0.0,44.0,12.32,0.0,2405.0,0x0000000000000000,46.1,40.85,50.0,,502
2026-09-30T20:33:51,0.2,0.0166015625,99.0,28.2,0.0,44.0,12.2,0.0,2405.0,0x0000000000000000,46.3,40.85,51.0,,502
2026-09-30T20:34:01,0.1,0.013671875,99.0,28.2,0.0,44.0,12.36,0.0,2405.0,0x0000000000000000,46.3,40.85,51.0,0,502
2026-09-30T20:34:11,0.2,0.0107421875,99.0,28.2,0.0,44.0,12.12,0.0,2405.0,0x0000000000000000,46.1,40.85,51.0,,502
2026-09-30T20:34:21,0.1,0.0830078125,99.0,28.2,0.0,44.0,12.31,0.0,2405.0,0x0000000000000000,45.9,40.85,50.0,,502
2026-09-30T20:34:31,0.1,0.06982421875,99.0,28.2,0.0,44.0,12.3,0.0,2405.0,0x0000000000000000,46.2,40.85,50.0,0,503
2026-09-30T20:34:41,0.2,0.1328125,99.0,28.2,0.0,44.0,12.21,0.0,2405.0,0x0000000000000000,46.0,40.85,51.0,,503
2026-09-30T20:34:51,0.2,0.11181640625,99.0,28.2,0.0,44.0,12.44,0.0,2405.0,0x0000000000000000,45.9,40.85,51.0,,503
2026-09-30T20:35:01,0.1,0.09423828125,99.0,28.2,0.0,44.0,12.44,0.0,2405.0,0x0000000000000000,46.0,40.85,51.0,0,503
2026-09-30T20:35:11,0.1,0.0791015625,99.0,28.2,0.0,44.0,12.28,0.0,2405.0,0x0000000000000000,46.1,40.85,50.0,,502
2026-09-30T20:35:22,0.2,0.06689453125,99.0,28.2,0.0,44.0,12.4,0.0,2405.0,0x0000000000000000,46.0,40.85,51.0,,502
2026-09-30T20:35:32,0.1,0.05615234375,99.0,28.2,0.0,44.0,12.44,0.0,2405.0,0x0000000000000000,46.1,40.85,50.0,0,502
2026-09-30T20:35:42,0.1,0.12109375,99.0,28.2,0.0,44.0,12.44,0.0,2405.0,0x0000000000000000,45.9,40.85,50.0,,502
2026-09-30T20:35:52,0.3,0.10205078125,99.0,28.2,0.0,44.0,12.42,0.0,2405.0,0x0000000000000000,45.9,40.85,50.0,,502
2026-09-30T20:36:02,0.1,0.0859375,99.0,28.2,0.0,44.0,12.41,0.0,2405.0,0x0000000000000000,45.9,40.85,50.0,0,502
2026-09-30T20:36:12,0.2,0.072265625,99.0,28.2,0.0,44.0,12.46,0.0,2405.0,0x0000000000000000,45.9,40.85,50.0,,502
2026-09-30T20:36:22,0.1,0.06103515625,99.0,28.2,0.0,44.0,12.54,0.0,2405.0,0x0000000000000000,45.9,40.85,51.0,,502
2026-09-30T20:36:32,0.1,0.05078125,99.0,28.2,0.0,44.0,12.46,0.0,2405.0,0x0000000000000000,45.9,40.85,50.0,0,501
2026-09-30T20:36:42,0.1,0.11669921875,99.0,28.2,0.0,44.0,12.4,0.0,2405.0,0x0000000000000000,46.0,40.85,50.0,,501
2026-09-30T20:36:52,0.3,0.09814453125,99.0,28.2,0.0,44.0,12.41,0.0,2405.0,0x0000000000000000,45.9,40.85,51.0,,499
2026-09-30T20:37:02,0.2,0.08251953125,99.0,28.2,0.0,44.0,12.52,0.0,2405.0,0x0000000000000000,46.0,40.85,51.0,0,500
2026-09-30T20:37:12,0.2,0.0693359375,99.0,28.2,0.0,44.0,12.38,0.0,2405.0,0x0000000000000000,45.9,40.85,50.0,,501
2026-09-30T20:37:22,0.1,0.05810546875,99.0,28.2,0.0,44.0,12.35,0.0,2405.0,0x0000000000000000,45.9,40.85,50.0,,501
2026-09-30T20:37:33,0.1,0.048828125,99.0,28.2,0.0,44.0,12.52,0.0,2405.0,0x0000000000000000,46.0,40.85,50.0,0,502
2026-09-30T20:37:43,0.3,0.04052734375,99.0,28.2,0.0,44.0,12.56,0.0,2405.0,0x0000000000000000,46.2,40.85,51.0,,502
2026-09-30T20:37:53,0.1,0.03369140625,99.0,28.2,0.0,44.0,12.33,0.0,2405.0,0x0000000000000000,45.9,40.85,50.0,,502
2026-09-30T20:38:03,0.1,0.02783203125,99.0,28.2,0.0,44.0,12.32,0.0,2405.0,0x0000000000000000,46.1,40.85,51.0,0,502
2026-09-30T20:38:13,0.2,0.02294921875,99.0,28.2,0.0,44.0,12.41,0.0,2405.0,0x0000000000000000,46.0,40.85,50.0,,502
2026-09-30T20:38:23,0.1,0.01904296875,99.0,28.2,0.0,44.0,12.31,0.0,2405.0,0x0000000000000000,46.0,40.85,50.0,,502
2026-09-30T20:38:33,0.1,0.015625,99.0,28.2,0.0,44.0,12.34,0.0,2405.0,0x0000000000000000,45.9,40.85,50.0,0,501
2026-09-30T20:38:43,0.2,0.0126953125,99.0,28.2,0.0,44.0,12.4,0.0,2405.0,0x0000000000000000,46.8,40.85,51.0,,503
2026-09-30T20:38:53,0.1,0.01025390625,99.0,28.2,0.0,44.0,12.4,0.0,2405.0,0x0000000000000000,45.9,40.85,51.0,,503
2026-09-30T20:39:03,0.1,0.0888671875,99.0,28.2,0.0,44.0,12.34,0.0,2405.0,0x0000000000000000,45.8,40.85,50.0,0,500
2026-09-30T20:39:13,0.1,0.07470703125,99.0,28.2,0.0,44.0,12.18,0.0,2405.0,0x0000000000000000,45.8,40.85,50.0,,500
2026-09-30T20:39:23,0.2,0.0625,99.0,28.2,0.0,44.0,12.35,0.0,2405.0,0x0000000000000000,45.8,40.85,50.0,,501
2026-09-30T20:39:33,0.1,0.05224609375,99.0,28.2,0.0,44.0,12.31,0.0,2405.0,0x0000000000000000,45.8,40.85,51.0,0,500
2026-09-30T20:39:44,0.3,0.0439453125,99.0,28.2,0.0,44.0,12.29,0.0,2405.0,0x0000000000000000,45.9,40.85,51.0,,500
2026-09-30T20:39:54,0.1,0.03662109375,99.0,28.2,0.0,44.0,12.16,0.0,2405.0,0x0000000000000000,45.8,40.85,51.0,,501
2026-09-30T20:40:04,0.2,0.0302734375,99.0,28.2,0.0,44.0,12.25,0.0,2405.0,0x0000000000000000,46.0,40.85,51.0,0,501
2026-09-30T20:40:14,0.2,0.025390625,99.0,28.2,0.0,44.0,11.97,0.0,2405.0,0x0000000000000000,46.0,40.85,51.0,,501
2026-09-30T20:40:24,0.1,0.02099609375,99.0,28.2,0.0,44.0,12.11,0.0,2405.0,0x0000000000000000,45.8,40.85,51.0,,504
2026-09-30T20:40:34,0.1,0.01708984375,99.0,28.2,0.0,44.0,12.24,0.0,2405.0,0x0000000000000000,45.8,40.85,51.0,0,504
2026-09-30T20:40:44,0.3,0.01416015625,99.0,28.2,0.0,44.0,12.21,0.0,2405.0,0x0000000000000000,45.8,40.85,51.0,,504
2026-09-30T20:40:54,0.1,0.1591796875,99.0,28.2,0.0,44.0,12.09,0.0,2405.0,0x0000000000000000,45.9,40.85,50.0,,504
2026-09-30T20:41:04,0.1,0.13427734375,99.0,28.2,0.0,44.0,12.22,0.0,2405.0,0x0000000000000000,45.9,40.85,51.0,0,504
2026-09-30T20:41:14,0.2,0.11279296875,99.0,28.2,0.0,44.0,12.15,0.0,2405.0,0x0000000000000000,45.8,40.85,51.0,,504
2026-09-30T20:41:24,0.1,0.09521484375,99.0,28.2,0.0,44.0,12.17,0.0,2405.0,0x0000000000000000,46.1,40.85,51.0,,504
2026-09-30T20:41:34,0.1,0.080078125,99.0,28.2,0.0,44.0,12.05,0.0,2405.0,0x0000000000000000,45.9,40.85,51.0,0,504
2026-09-30T20:41:44,0.3,0.06689453125,99.0,28.2,0.0,44.0,12.13,0.0,2405.0,0x0000000000000000,45.9,40.85,50.0,,504
2026-09-30T20:41:55,0.1,0.05615234375,99.0,28.2,0.0,44.0,12.12,0.0,2405.0,0x0000000000000000,45.8,40.85,51.0,,503
2026-09-30T20:42:05,0.1,0.046875,99.0,28.2,0.0,44.0,12.22,0.0,2405.0,0x0000000000000000,45.9,40.85,51.0,0,503
2026-09-30T20:42:15,0.2,0.0390625,99.0,28.2,0.0,44.0,12.23,0.0,2405.0,0x0000000000000000,45.8,40.85,51.0,,503
2026-09-30T20:42:25,0.1,0.03271484375,99.0,28.2,0.0,44.0,12.28,0.0,2405.0,0x0000000000000000,45.8,40.85,50.0,,502
2026-09-30T20:42:35,0.1,0.02734375,99.0,28.2,0.0,44.0,12.42,0.0,2405.0,0x0000000000000000,45.8,40.85,50.0,0,502
2026-09-30T20:42:45,0.2,0.0224609375,99.0,28.2,0.0,44.0,12.25,0.0,2405.0,0x0000000000000000,45.8,40.85,50.0,,502
2026-09-30T20:42:55,0.1,0.0185546875,99.0,28.2,0.0,44.0,12.29,0.0,2405.0,0x0000000000000000,45.8,40.85,50.0,,501
2026-09-30T20:43:05,0.1,0.09423828125,99.0,28.2,0.0,44.0,12.34,0.0,2405.0,0x0000000000000000,45.9,40.85,50.0,0,501
2026-09-30T20:43:15,0.1,0.0791015625,99.0,28.2,0.0,44.0,12.28,0.0,2405.0,0x0000000000000000,45.8,40.85,51.0,,502
2026-09-30T20:43:25,0.1,0.06689453125,99.0,28.2,0.0,44.0,12.37,0.0,2405.0,0x0000000000000000,45.8,40.85,51.0,,502
2026-09-30T20:43:35,0.1,0.05615234375,99.0,28.2,0.0,44.0,12.3,0.0,2405.0,0x0000000000000000,45.8,40.85,51.0,0,502
2026-09-30T20:43:45,0.2,0.046875,99.0,28.2,0.0,44.0,12.28,0.0,2405.0,0x0000000000000000,45.8,40.85,51.0,,502
2026-09-30T20:43:55,0.1,0.0390625,99.0,28.2,0.0,44.0,12.35,0.0,2405.0,0x0000000000000000,45.8,40.85,50.0,,502
2026-09-30T20:44:06,0.1,0.03271484375,99.0,28.2,0.0,44.0,12.29,0.0,2405.0,0x0000000000000000,45.8,40.85,51.0,0,501
2026-09-30T20:44:16,0.2,0.02734375,99.0,28.2,0.0,44.0,12.31,0.0,2405.0,0x0000000000000000,45.8,40.85,51.0,,501
2026-09-30T20:44:26,0.1,0.0224609375,99.0,28.2,0.0,44.0,12.31,0.0,2405.0,0x0000000000000000,45.8,40.85,50.0,,501
2026-09-30T20:44:36,0.2,0.0185546875,99.0,28.2,0.0,44.0,12.35,0.0,2405.0,0x0000000000000000,45.8,40.85,51.0,0,500
2026-09-30T20:44:46,0.3,0.01513671875,99.0,28.2,0.0,44.0,12.32,0.0,2405.0,0x0000000000000000,45.8,40.85,50.0,,500
2026-09-30T20:44:56,0.1,0.01220703125,99.0,28.2,0.0,44.0,12.3,0.0,2405.0,0x0000000000000000,45.8,40.85,50.0,,500
2026-09-30T20:45:06,0.2,0.009765625,99.0,28.2,0.0,44.0,12.31,0.0,2405.0,0x0000000000000000,45.8,40.85,51.0,0,500
2026-09-30T20:45:16,0.2,0.0078125,99.0,28.2,0.0,44.0,12.27,0.0,2405.0,0x0000000000000000,45.8,40.85,50.0,,500
2026-09-30T20:45:26,0.1,0.005859375,99.0,28.2,0.0,44.0,12.34,0.0,2405.0,0x0000000000000000,45.8,40.85,51.0,,500
2026-09-30T20:45:36,0.1,0.0048828125,99.0,28.2,0.0,44.0,12.31,0.0,2405.0,0x0000000000000000,45.8,40.85,50.0,0,498
2026-09-30T20:45:46,0.2,0.00390625,99.0,28.2,0.0,44.0,12.18,0.0,2405.0,0x0000000000000000,45.8,40.85,50.0,,498
2026-09-30T20:45:56,0.1,0.15087890625,99.0,28.2,0.0,44.0,12.25,0.0,2405.0,0x0000000000000000,45.8,40.85,51.0,,498
2026-09-30T20:46:06,0.1,0.12744140625,99.0,28.2,0.0,44.0,12.13,0.0,2405.0,0x0000000000000000,45.9,40.85,51.0,0,499
2026-09-30T20:46:17,0.2,0.107421875,99.0,28.2,0.0,44.0,12.11,0.0,2405.0,0x0000000000000000,45.9,40.85,50.0,,499
2026-09-30T20:46:27,0.1,0.09033203125,99.0,28.2,0.0,44.0,12.13,0.0,2405.0,0x0000000000000000,45.8,40.85,50.0,,500
2026-09-30T20:46:37,0.1,0.076171875,99.0,28.2,0.0,44.0,12.22,0.0,2405.0,0x0000000000000000,45.9,40.85,51.0,0,500
2026-09-30T20:46:47,0.3,0.06396484375,99.0,28.2,0.0,44.0,12.17,0.0,2405.0,0x0000000000000000,45.8,40.85,50.0,,502
2026-09-30T20:46:57,0.1,0.0537109375,99.0,28.2,0.0,44.0,12.29,0.0,2405.0,0x0000000000000000,45.9,40.85,51.0,,502
2026-09-30T20:47:07,0.1,0.044921875,99.0,28.2,0.0,44.0,12.26,0.0,2405.0,0x0000000000000000,45.9,40.85,50.0,0,502
2026-09-30T20:47:17,0.2,0.03759765625,99.0,28.2,0.0,44.0,12.32,0.0,2405.0,0x0000000000000000,45.9,40.85,50.0,,502
2026-09-30T20:47:27,0.1,0.03125,99.0,28.2,0.0,44.0,12.29,0.0,2405.0,0x0000000000000000,46.0,40.85,51.0,,502
2026-09-30T20:47:37,0.1,0.02587890625,99.0,28.2,0.0,44.0,12.2,0.0,2405.0,0x0000000000000000,45.9,40.85,50.0,0,503
2026-09-30T20:47:47,0.3,0.021484375,99.0,28.2,0.0,44.0,12.21,0.0,2405.0,0x0000000000000000,46.0,40.85,50.0,,502
2026-09-30T20:47:57,0.2,0.017578125,99.0,28.2,0.0,44.0,12.25,0.0,2405.0,0x0000000000000000,45.9,40.85,50.0,,502
2026-09-30T20:48:07,1.0,0.0146484375,116.9,27.8,0.0,43.0,5.01,0.0,208.0,0x0000000000000000,45.8,40.85,50.0,0,496
2026-09-30T20:48:17,0.1,0.01171875,116.9,27.8,0.0,43.0,5.05,0.0,208.0,0x0000000000000000,45.0,40.85,50.0,,496
2026-09-30T20:48:28,0.0,0.009765625,116.9,27.8,0.0,42.0,5.1,0.0,208.0,0x0000000000000000,44.8,40.85,50.0,,497
2026-09-30T20:48:38,0.0,0.0078125,116.9,27.8,0.0,42.0,5.02,0.0,208.0,0x0000000000000000,44.8,40.85,49.0,0,497
2026-09-30T20:48:48,0.2,0.005859375,116.9,27.8,0.0,42.0,4.93,0.0,208.0,0x0000000000000000,44.7,40.85,49.0,,497
2026-09-30T20:48:58,0.0,0.0048828125,116.9,27.8,0.0,42.0,4.98,0.0,208.0,0x0000000000000000,43.8,40.85,49.0,,497
2026-09-30T20:49:08,0.0,0.00390625,116.9,27.8,0.0,42.0,4.93,0.0,208.0,0x0000000000000004,43.8,40.85,48.0,0,497
2026-09-30T20:49:18,0.1,0.0029296875,116.9,27.8,0.0,41.0,5.0,0.0,208.0,0x0000000000000000,43.8,40.85,48.0,,497
2026-09-30T20:49:28,0.0,0.001953125,116.9,27.8,0.0,41.0,5.0,0.0,208.0,0x0000000000000000,43.8,40.85,48.0,,496
2026-09-30T20:49:38,0.1,0.0009765625,116.9,27.8,0.0,41.0,4.95,0.0,208.0,0x0000000000000000,43.8,40.85,48.0,0,496
2026-09-30T20:49:48,0.2,0.0,116.9,27.8,0.0,41.0,4.8,0.0,208.0,0x0000000000000000,43.8,40.85,48.0,,497
2026-09-30T20:49:58,0.0,0.0,116.9,27.8,0.0,41.0,4.91,0.0,208.0,0x0000000000000004,43.7,39.85,48.0,,497
2026-09-30T20:50:08,0.1,0.0,116.9,27.8,0.0,41.0,4.91,0.0,208.0,0x0000000000000000,43.6,39.85,48.0,0,497
2026-09-30T20:50:18,0.1,0.0,116.9,27.8,0.0,41.0,4.86,0.0,208.0,0x0000000000000004,43.1,39.85,48.0,,497
2026-09-30T20:50:29,0.0,0.0,116.9,27.8,0.0,41.0,4.99,0.0,208.0,0x0000000000000000,42.8,39.85,48.0,,496
2026-09-30T20:50:39,0.0,0.0,116.9,27.8,0.0,41.0,4.68,0.0,208.0,0x0000000000000004,42.8,39.85,48.0,0,496
2026-09-30T20:50:49,0.2,0.0,116.9,27.8,0.0,41.0,4.77,0.0,208.0,0x0000000000000000,42.8,39.85,48.0,,496
2026-09-30T20:50:59,0.0,0.0,116.9,27.8,0.0,41.0,4.98,0.0,208.0,0x0000000000000000,42.8,39.85,47.0,,496
2026-09-30T20:51:09,0.0,0.0,116.9,27.8,0.0,41.0,4.87,0.0,208.0,0x0000000000000000,42.8,39.85,48.0,0,494
2026-09-30T20:51:19,0.1,0.0,116.9,27.8,0.0,41.0,4.83,0.0,208.0,0x0000000000000000,42.8,39.85,48.0,,495
2026-09-30T20:51:29,0.1,0.0,116.9,27.8,0.0,40.0,4.83,0.0,208.0,0x0000000000000004,42.8,39.85,48.0,,495
2026-09-30T20:51:39,0.0,0.0,116.9,27.8,0.0,40.0,4.95,0.0,208.0,0x0000000000000000,42.8,39.85,48.0,0,494
2026-09-30T20:51:49,0.2,0.0,116.9,27.8,0.0,40.0,4.81,0.0,208.0,0x0000000000000000,42.8,39.85,47.0,,494
2026-09-30T20:51:59,0.0,0.0,116.9,27.8,0.0,40.0,4.87,0.0,208.0,0x0000000000000000,42.8,39.85,47.0,,494
2026-09-30T20:52:09,0.1,0.0,116.9,27.8,0.0,40.0,4.97,0.0,208.0,0x0000000000000000,42.8,39.85,47.0,0,493
2026-09-30T20:52:19,0.1,0.0732421875,116.9,27.8,0.0,40.0,4.86,0.0,208.0,0x0000000000000004,42.8,39.85,47.0,,493
2026-09-30T20:52:30,0.0,0.0615234375,116.9,27.8,0.0,40.0,4.89,0.0,208.0,0x0000000000000004,42.8,39.85,47.0,,493
2026-09-30T20:52:40,0.0,0.05126953125,116.9,27.8,0.0,40.0,4.71,0.0,208.0,0x0000000000000000,42.8,39.85,47.0,0,492
2026-09-30T20:52:50,0.2,0.04296875,116.9,27.8,0.0,40.0,4.78,0.0,208.0,0x0000000000000004,42.7,39.85,47.0,,492
2026-09-30T20:53:00,0.0,0.03564453125,116.9,27.8,0.0,40.0,4.85,0.0,208.0,0x0000000000000000,42.7,38.85,47.0,,492
2026-09-30T20:53:10,0.0,0.02978515625,116.9,27.8,0.0,40.0,4.84,0.0,208.0,0x0000000000000004,42.7,38.85,47.0,0,492
2026-09-30T20:53:20,0.1,0.02490234375,116.9,27.8,0.0,40.0,4.94,0.0,208.0,0x0000000000000000,42.8,38.85,47.0,,490
2026-09-30T20:53:30,0.0,0.0205078125,116.9,27.8,0.0,40.0,4.7,0.0,208.0,0x0000000000000000,42.7,38.85,47.0,,491
2026-09-30T20:53:40,0.0,0.09716796875,116.9,27.8,0.0,40.0,4.8,0.0,208.0,0x0000000000000004,42.7,38.85,47.0,0,491
2026-09-30T20:53:50,0.1,0.15576171875,116.9,27.8,0.0,40.0,4.86,0.0,208.0,0x0000000000000000,42.7,38.85,47.0,,490
2026-09-30T20:54:00,0.1,0.13134765625,116.9,27.8,0.0,40.0,4.7,0.0,208.0,0x0000000000000004,42.7,38.85,47.0,,490
2026-09-30T20:54:10,0.1,0.11083984375,116.9,27.8,0.0,40.0,4.77,0.0,214.0,0x0000000000000000,42.7,38.85,47.0,0,490
2026-09-30T20:54:20,0.1,0.09326171875,116.9,27.8,0.0,40.0,4.72,0.0,208.0,0x0000000000000000,42.6,38.85,47.0,,490
2026-09-30T20:54:31,0.1,0.078125,116.9,27.8,0.0,40.0,4.82,0.0,208.0,0x0000000000000004,42.4,38.85,47.0,,490
2026-09-30T20:54:41,0.0,0.06591796875,116.9,27.8,0.0,40.0,4.89,0.0,208.0,0x0000000000000000,42.3,38.85,47.0,0,490
2026-09-30T20:54:51,0.1,0.0556640625,116.9,27.8,0.0,40.0,4.88,0.0,208.0,0x0000000000000000,42.0,38.85,47.0,,491
2026-09-30T20:55:01,0.1,0.04638671875,116.9,27.8,0.0,40.0,5.03,0.0,208.0,0x0000000000000000,42.1,38.85,47.0,,491
2026-09-30T20:55:11,0.1,0.0390625,116.9,27.8,0.0,40.0,4.97,0.0,208.0,0x0000000000000004,42.1,38.85,47.0,0,491
2026-09-30T20:55:21,0.1,0.03271484375,116.9,27.8,0.0,40.0,4.7,0.0,208.0,0x0000000000000004,42.0,38.85,47.0,,491
2026-09-30T20:55:31,0.0,0.02734375,116.9,27.8,0.0,40.0,4.8,0.0,208.0,0x0000000000000000,41.8,38.85,47.0,,493
2026-09-30T20:55:41,0.1,0.0224609375,116.9,27.8,0.0,40.0,4.68,0.0,208.0,0x0000000000000000,41.8,38.85,46.0,0,494
2026-09-30T20:55:51,0.2,0.0185546875,116.9,27.8,0.0,40.0,4.77,0.0,208.0,0x0000000000000000,41.8,38.85,47.0,,494
2026-09-30T20:56:01,0.0,0.01513671875,116.9,27.8,0.0,40.0,4.69,0.0,208.0,0x0000000000000004,41.8,38.85,46.0,,494
2026-09-30T20:56:11,0.1,0.01220703125,116.9,27.8,0.0,40.0,4.78,0.0,208.0,0x0000000000000000,41.8,38.85,46.0,0,495
2026-09-30T20:56:21,0.1,0.009765625,116.9,27.8,0.0,40.0,4.62,0.0,208.0,0x0000000000000000,41.8,38.85,46.0,,496
2026-09-30T20:56:32,0.0,0.0078125,116.9,27.8,0.0,40.0,4.62,0.0,208.0,0x0000000000000004,41.8,38.85,46.0,,495
2026-09-30T20:56:42,0.1,0.005859375,116.9,27.8,0.0,40.0,4.68,0.0,208.0,0x0000000000000000,41.8,38.85,47.0,0,495
2026-09-30T20:56:52,4.1,0.1591796875,116.8,27.8,0.0,40.0,4.88,0.0,208.0,0x0000000000000004,46.1,38.85,47.0,,498
2026-09-30T20:57:02,0.8,0.13427734375,116.8,27.8,0.0,40.0,4.66,0.0,208.0,0x0000000000000000,42.8,38.85,47.0,,494
2026-09-30T20:57:12,0.0,0.11279296875,116.8,27.8,0.0,40.0,4.71,0.0,208.0,0x0000000000000000,42.7,38.85,47.0,0,494
2026-09-30T20:57:22,0.1,0.09521484375,116.8,27.8,0.0,40.0,4.71,0.0,208.0,0x0000000000000004,42.2,38.85,47.0,,494
2026-09-30T20:57:32,0.0,0.080078125,116.8,27.8,0.0,40.0,4.8,0.0,208.0,0x0000000000000000,42.0,38.85,47.0,,494
2026-09-30T20:57:42,0.0,0.06689453125,116.8,27.8,0.0,40.0,4.86,0.0,208.0,0x0000000000000004,41.9,38.85,47.0,0,494
2026-09-30T20:57:52,0.2,0.05615234375,116.8,27.8,0.0,40.0,4.81,0.0,201.0,0x0000000000000000,41.9,38.85,47.0,,495
2026-09-30T20:58:02,0.0,0.12109375,116.8,27.8,0.0,40.0,4.83,0.0,208.0,0x0000000000000000,41.8,38.85,46.0,,495
2026-09-30T20:58:12,0.1,0.10205078125,116.8,27.8,0.0,40.0,4.72,0.0,208.0,0x0000000000000004,41.8,38.85,47.0,0,495
2026-09-30T20:58:22,0.1,0.0859375,116.8,27.8,0.0,40.0,4.85,0.0,208.0,0x0000000000000000,41.8,38.85,47.0,,496
2026-09-30T20:58:32,0.0,0.072265625,116.8,27.8,0.0,40.0,4.69,0.0,201.0,0x0000000000000000,41.8,38.85,47.0,,497
2026-09-30T20:58:43,0.2,0.06103515625,116.9,27.8,0.0,40.0,4.93,0.0,214.0,0x0000000000000000,42.0,38.85,46.0,0,496
2026-09-30T20:58:53,0.1,0.05078125,116.9,27.8,0.0,40.0,4.78,0.0,208.0,0x0000000000000000,41.8,38.85,46.0,,496
2026-09-30T20:59:03,0.0,0.04248046875,116.9,27.8,0.0,40.0,4.66,0.0,208.0,0x0000000000000004,41.8,38.85,46.0,,497
2026-09-30T20:59:13,0.1,0.03564453125,116.9,27.8,0.0,40.0,4.73,0.0,208.0,0x0000000000000000,41.8,38.85,46.0,0,498
2026-09-30T20:59:23,0.1,0.02978515625,116.9,27.8,0.0,40.0,4.75,0.0,208.0,0x0000000000000000,41.8,38.85,47.0,,498
2026-09-30T20:59:33,0.0,0.02490234375,116.9,27.8,0.0,40.0,4.84,0.0,208.0,0x0000000000000000,41.8,38.85,46.0,,498
2026-09-30T20:59:43,0.1,0.0205078125,116.9,27.8,0.0,40.0,4.83,0.0,208.0,0x0000000000000000,42.0,38.85,46.0,0,498
2026-09-30T20:59:53,0.1,0.0166015625,116.9,27.8,0.0,40.0,4.76,0.0,208.0,0x0000000000000004,41.8,38.85,47.0,,498
2026-09-30T21:00:03,0.1,0.013671875,116.9,27.8,0.0,40.0,4.68,0.0,208.0,0x0000000000000000,41.8,38.85,46.0,,499
2026-09-30T21:00:13,0.1,0.0107421875,116.9,27.8,0.0,40.0,4.78,0.0,208.0,0x0000000000000000,41.8,38.85,46.0,0,499
2026-09-30T21:00:23,0.1,0.0087890625,116.9,27.8,0.0,40.0,5.0,0.0,208.0,0x0000000000000000,41.8,38.85,46.0,,498
2026-09-30T21:00:33,4.0,0.08740234375,116.8,27.8,0.0,40.0,5.06,0.0,208.0,0x0000000000000004,43.2,38.85,47.0,,498
2026-09-30T21:00:44,0.1,0.0732421875,116.9,27.8,0.0,40.0,4.71,0.0,208.0,0x0000000000000000,42.4,38.85,46.0,0,499
2026-09-30T21:00:54,0.7,0.14208984375,116.9,27.8,0.0,40.0,4.72,0.0,208.0,0x0000000000000000,42.1,38.85,47.0,,496
2026-09-30T21:01:04,0.0,0.11962890625,116.9,27.8,0.0,40.0,4.89,0.0,208.0,0x0000000000000000,41.8,38.85,47.0,,496
2026-09-30T21:01:14,0.0,0.1748046875,116.9,27.8,0.0,40.0,4.87,0.0,208.0,0x0000000000000000,41.8,38.85,47.0,0,497
2026-09-30T21:01:24,0.1,0.1474609375,116.9,27.8,0.0,40.0,4.85,0.0,208.0,0x0000000000000004,41.8,38.85,47.0,,494
2026-09-30T21:01:34,0.0,0.20458984375,116.9,27.8,0.0,40.0,4.86,0.0,208.0,0x0000000000000000,41.8,38.85,47.0,,494
2026-09-30T21:01:44,0.2,0.1728515625,116.9,27.8,0.0,40.0,4.89,0.0,208.0,0x0000000000000000,41.8,38.85,47.0,0,494
2026-09-30T21:01:54,0.1,0.1455078125,116.9,27.8,0.0,40.0,4.71,0.0,208.0,0x0000000000000000,41.8,38.85,47.0,,494
2026-09-30T21:02:04,0.0,0.123046875,116.9,27.8,0.0,40.0,4.85,0.0,208.0,0x0000000000000000,41.8,38.85,47.0,,495
2026-09-30T21:02:14,0.1,0.177734375,116.9,27.8,0.0,40.0,4.66,0.0,208.0,0x0000000000000004,41.8,38.85,46.0,0,496
2026-09-30T21:02:24,0.1,0.14990234375,116.9,27.8,0.0,40.0,4.71,0.0,208.0,0x0000000000000000,41.8,38.85,47.0,,497
2026-09-30T21:02:34,0.1,0.12646484375,116.9,27.8,0.0,40.0,4.64,0.0,208.0,0x0000000000000000,41.8,38.85,47.0,,497
2026-09-30T21:02:45,0.2,0.1064453125,116.9,27.8,0.0,40.0,4.64,0.0,208.0,0x0000000000000004,41.8,38.85,46.0,0,497
2026-09-30T21:02:55,0.1,0.169921875,116.9,27.8,0.0,40.0,4.67,0.0,208.0,0x0000000000000000,41.8,38.85,46.0,,497
2026-09-30T21:03:05,0.0,0.1435546875,116.9,27.8,0.0,40.0,4.74,0.0,208.0,0x0000000000000000,41.8,38.85,47.0,,495
2026-09-30T21:03:15,0.1,0.12109375,116.9,27.8,0.0,40.0,4.84,0.0,208.0,0x0000000000000000,41.8,38.85,46.0,0,494
2026-09-30T21:03:25,0.1,0.10205078125,116.9,27.8,0.0,40.0,4.83,0.0,208.0,0x0000000000000000,41.8,38.85,46.0,,495
2026-09-30T21:03:35,0.0,0.0859375,116.9,27.8,0.0,40.0,4.63,0.0,208.0,0x0000000000000004,41.8,38.85,46.0,,495
2026-09-30T21:03:45,0.1,0.072265625,116.9,27.8,0.0,40.0,4.88,0.0,208.0,0x0000000000000000,41.8,38.85,46.0,0,495
2026-09-30T21:03:55,0.1,0.1416015625,116.9,27.8,0.0,40.0,4.72,0.0,208.0,0x0000000000000004,41.8,37.85,46.0,,496
2026-09-30T21:04:05,0.0,0.119140625,116.9,27.8,0.0,40.0,4.8,0.0,214.0,0x0000000000000000,41.8,37.85,46.0,,496
2026-09-30T21:04:15,0.1,0.1005859375,116.9,27.8,0.0,40.0,4.61,0.0,208.0,0x0000000000000000,41.8,37.85,46.0,0,495
2026-09-30T21:04:25,0.1,0.08447265625,116.9,27.8,0.0,40.0,4.68,0.0,208.0,0x0000000000000004,41.8,37.85,46.0,,495
2026-09-30T21:04:35,0.0,0.1337890625,116.9,27.8,0.0,40.0,4.96,0.0,208.0,0x0000000000000000,41.8,37.85,47.0,,495
2026-09-30T21:04:45,0.2,0.11279296875,116.9,27.8,0.0,40.0,4.74,0.0,208.0,0x0000000000000000,41.8,37.85,46.0,0,495
2026-09-30T21:04:56,0.1,0.09521484375,116.9,27.8,0.0,40.0,4.8,0.0,208.0,0x0000000000000000,41.8,37.85,47.0,,495
2026-09-30T21:05:06,0.1,0.080078125,116.9,27.8,0.0,40.0,4.81,0.0,208.0,0x0000000000000004,41.8,37.85,46.0,,497
2026-09-30T21:05:16,0.1,0.06689453125,116.9,27.8,0.0,40.0,4.73,0.0,208.0,0x0000000000000004,41.8,37.85,46.0,0,500
2026-09-30T21:05:26,0.1,0.05615234375,116.9,27.8,0.0,40.0,4.88,0.0,208.0,0x0000000000000000,41.8,37.85,46.0,,500
2026-09-30T21:05:36,0.0,0.046875,116.9,27.8,0.0,40.0,4.86,0.0,208.0,0x0000000000000000,41.8,37.85,46.0,,500
2026-09-30T21:05:46,0.1,0.0390625,116.9,27.8,0.0,40.0,4.81,0.0,208.0,0x0000000000000000,41.8,37.85,46.0,0,499
2026-09-30T21:05:56,0.1,0.03271484375,116.9,27.8,0.0,40.0,4.87,0.0,208.0,0x0000000000000000,41.8,37.85,46.0,,499
2026-09-30T21:06:06,0.1,0.02734375,116.9,27.8,0.0,40.0,4.91,0.0,208.0,0x0000000000000004,41.8,37.85,46.0,,499
2026-09-30T21:06:16,0.1,0.0224609375,116.9,27.8,0.0,40.0,4.77,0.0,208.0,0x0000000000000000,41.8,37.85,46.0,0,499
2026-09-30T21:06:26,0.1,0.0185546875,116.9,27.8,0.0,40.0,4.81,0.0,208.0,0x0000000000000000,41.8,37.85,46.0,,499
2026-09-30T21:06:36,0.0,0.01513671875,116.9,27.8,0.0,40.0,5.03,0.0,208.0,0x0000000000000000,41.8,37.85,46.0,,499
2026-09-30T21:06:46,0.2,0.01220703125,116.9,27.8,0.0,40.0,4.81,0.0,208.0,0x0000000000000004,41.8,37.85,46.0,0,499
2026-09-30T21:06:57,0.1,0.009765625,116.9,27.8,0.0,40.0,4.68,0.0,208.0,0x0000000000000000,41.8,37.85,46.0,,499
2026-09-30T21:07:07,0.0,0.0078125,116.9,27.8,0.0,40.0,4.76,0.0,208.0,0x0000000000000000,41.8,37.85,46.0,,499
2026-09-30T21:07:17,0.0,0.005859375,116.9,27.8,0.0,39.0,4.67,0.0,208.0,0x0000000000000004,41.8,37.85,46.0,0,499
2026-09-30T21:07:27,0.1,0.08544921875,116.9,27.8,0.0,40.0,4.86,0.0,208.0,0x0000000000000000,41.8,37.85,46.0,,497
2026-09-30T21:07:37,0.0,0.07177734375,116.9,27.8,0.0,40.0,4.7,0.0,208.0,0x0000000000000004,41.8,37.85,46.0,,497
2026-09-30T21:07:47,0.1,0.060546875,116.9,27.8,0.0,39.0,4.69,6.0,208.0,0x0000000000000000,41.8,37.85,46.0,0,497
2026-09-30T21:07:57,0.1,0.05078125,116.9,27.8,0.0,40.0,4.76,0.0,208.0,0x0000000000000000,41.8,37.85,46.0,,497
2026-09-30T21:08:07,0.0,0.04248046875,116.9,27.8,0.0,40.0,4.65,0.0,208.0,0x0000000000000000,41.8,37.85,46.0,,497
2026-09-30T21:08:17,0.1,0.03564453125,116.9,27.8,0.0,40.0,4.71,0.0,208.0,0x0000000000000000,41.8,37.85,46.0,0,497
2026-09-30T21:08:27,0.1,0.02978515625,116.9,27.8,0.0,39.0,4.68,0.0,208.0,0x0000000000000004,41.8,37.85,46.0,,497
2026-09-30T21:08:37,0.0,0.02490234375,116.9,27.8,0.0,40.0,4.75,0.0,208.0,0x0000000000000000,41.8,37.85,46.0,,497
2026-09-30T21:08:47,0.2,0.0947265625,116.9,27.8,0.0,40.0,4.84,0.0,208.0,0x0000000000000000,41.8,37.85,46.0,0,498
2026-09-30T21:08:58,0.1,0.07958984375,116.9,27.8,0.0,39.0,4.8,0.0,208.0,0x0000000000000004,41.8,37.85,46.0,,498
2026-09-30T21:09:08,0.0,0.06689453125,116.9,27.8,0.0,39.0,4.77,0.0,208.0,0x0000000000000000,41.8,37.85,46.0,,496
2026-09-30T21:09:18,0.0,0.05615234375,116.9,27.8,0.0,39.0,4.8,0.0,208.0,0x0000000000000000,41.8,37.85,46.0,0,496
2026-09-30T21:09:28,0.1,0.046875,116.9,27.8,0.0,40.0,4.65,0.0,227.0,0x0000000000000000,41.8,37.85,46.0,,496
2026-09-30T21:09:38,0.1,0.0390625,116.9,27.8,0.0,39.0,4.48,0.0,208.0,0x0000000000000000,41.8,37.85,46.0,,495
2026-09-30T21:09:48,0.2,0.03271484375,116.9,27.8,0.0,39.0,4.62,0.0,208.0,0x0000000000000004,41.8,37.85,46.0,0,496
2026-09-30T21:09:58,0.1,0.02734375,116.9,27.8,0.0,40.0,4.58,0.0,208.0,0x0000000000000000,41.8,37.85,46.0,,496
2026-09-30T21:10:08,0.1,0.0224609375,116.9,27.8,0.0,40.0,4.74,0.0,208.0,0x0000000000000000,41.8,37.85,46.0,,495
2026-09-30T21:10:18,0.1,0.0185546875,116.9,27.8,0.0,40.0,4.88,0.0,208.0,0x0000000000000000,41.8,37.85,46.0,0,490
2026-09-30T21:10:28,0.0,0.01513671875,116.9,27.8,0.0,40.0,4.8,0.0,208.0,0x0000000000000000,41.8,37.85,46.0,,491
2026-09-30T21:10:38,0.0,0.01220703125,116.9,27.8,0.0,40.0,4.84,0.0,208.0,0x0000000000000004,41.8,37.85,46.0,,491
2026-09-30T21:10:48,0.2,0.009765625,116.9,27.8,0.0,40.0,4.76,0.0,208.0,0x0000000000000000,41.8,37.85,46.0,0,491
2026-09-30T21:10:58,0.0,0.16259765625,116.9,27.8,0.0,40.0,4.74,0.0,208.0,0x0000000000000004,41.8,37.85,46.0,,491
2026-09-30T21:11:09,0.0,0.13720703125,116.9,27.8,0.0,39.0,4.98,0.0,208.0,0x0000000000000000,41.8,37.85,46.0,,491
2026-09-30T21:11:19,0.1,0.11572265625,116.9,27.8,0.0,39.0,4.86,0.0,208.0,0x0000000000000004,41.8,37.85,46.0,0,491
2026-09-30T21:11:29,0.1,0.09765625,116.9,27.8,0.0,39.0,4.79,0.0,208.0,0x0000000000000000,41.8,37.85,46.0,,492
2026-09-30T21:11:39,0.0,0.08203125,116.8,27.8,0.0,40.0,4.78,0.0,208.0,0x0000000000000000,41.8,37.85,46.0,,492
2026-09-30T21:11:49,0.2,0.06884765625,116.8,27.8,0.0,39.0,4.83,0.0,208.0,0x0000000000000000,41.8,37.85,46.0,0,491
2026-09-30T21:11:59,0.1,0.0576171875,116.9,27.8,0.0,39.0,4.89,0.0,208.0,0x0000000000000000,41.8,37.85,46.0,,491
2026-09-30T21:12:09,0.1,0.12890625,116.9,27.8,0.0,40.0,4.84,0.0,208.0,0x0000000000000004,41.8,37.85,46.0,,492
2026-09-30T21:12:19,0.1,0.1083984375,116.9,27.8,0.0,39.0,4.88,0.0,208.0,0x0000000000000000,41.8,37.85,46.0,0,492
2026-09-30T21:12:29,0.1,0.09130859375,116.9,27.8,0.0,39.0,4.86,0.0,208.0,0x0000000000000000,41.8,37.85,46.0,,492
2026-09-30T21:12:39,0.0,0.0771484375,116.9,27.8,0.0,40.0,4.74,0.0,208.0,0x0000000000000000,41.8,37.85,46.0,,492
2026-09-30T21:12:49,0.2,0.06494140625,116.9,27.8,0.0,40.0,4.79,0.0,208.0,0x0000000000000000,41.8,37.85,46.0,0,493
2026-09-30T21:12:59,0.0,0.13525390625,116.9,27.8,0.0,39.0,4.8,0.0,208.0,0x0000000000000004,41.8,37.85,46.0,,493
2026-09-30T21:13:10,0.0,0.11376953125,116.9,27.8,0.0,40.0,4.83,0.0,208.0,0x0000000000000000,41.8,37.85,46.0,,493
2026-09-30T21:13:20,0.1,0.095703125,116.9,27.8,0.0,39.0,4.94,0.0,208.0,0x0000000000000000,41.8,37.85,46.0,0,493
2026-09-30T21:13:30,0.0,0.1611328125,116.9,27.8,0.0,39.0,4.82,0.0,208.0,0x0000000000000004,41.8,37.85,46.0,,493
2026-09-30T21:13:40,0.0,0.1357421875,116.9,27.8,0.0,39.0,4.8,0.0,208.0,0x0000000000000000,41.8,37.85,46.0,,493
2026-09-30T21:13:50,0.2,0.1142578125,116.9,27.8,0.0,40.0,4.75,0.0,208.0,0x0000000000000004,41.8,37.85,46.0,0,495
2026-09-30T21:14:00,0.1,0.09619140625,116.9,27.8,0.0,39.0,4.79,0.0,208.0,0x0000000000000000,41.8,37.85,46.0,,493
2026-09-30T21:14:10,0.1,0.0810546875,116.9,27.8,0.0,39.0,4.69,0.0,208.0,0x0000000000000000,41.8,37.85,46.0,,493
2026-09-30T21:14:20,0.0,0.06787109375,116.9,27.8,0.0,39.0,4.72,0.0,208.0,0x0000000000000004,41.8,37.85,46.0,0,493
2026-09-30T21:14:30,0.1,0.056640625,116.9,27.8,0.0,39.0,4.9,0.0,208.0,0x0000000000000000,41.8,37.85,46.0,,494
2026-09-30T21:14:40,0.1,0.12158203125,116.9,27.8,0.0,39.0,4.74,0.0,208.0,0x0000000000000004,41.8,37.85,46.0,,494
2026-09-30T21:14:50,0.2,0.1025390625,116.9,27.8,0.0,40.0,4.84,0.0,214.0,0x0000000000000000,41.8,37.85,46.0,0,495
2026-09-30T21:15:00,0.0,0.08642578125,116.9,27.8,0.0,39.0,4.68,0.0,208.0,0x0000000000000000,41.8,37.85,46.0,,496
2026-09-30T21:15:11,0.1,0.13427734375,116.9,27.8,0.0,39.0,4.81,0.0,208.0,0x0000000000000004,41.8,37.85,46.0,,495
2026-09-30T21:15:21,0.1,0.11279296875,116.9,27.8,0.0,39.0,4.93,0.0,208.0,0x0000000000000000,41.8,37.85,46.0,0,495
2026-09-30T21:15:31,0.1,0.09521484375,116.9,27.8,0.0,39.0,4.81,0.0,208.0,0x0000000000000000,41.8,37.85,46.0,,495
2026-09-30T21:15:41,0.1,0.080078125,116.9,27.8,0.0,39.0,4.77,0.0,208.0,0x0000000000000000,41.8,37.85,46.0,,494
2026-09-30T21:15:51,0.1,0.06689453125,116.9,27.8,0.0,39.0,4.85,0.0,208.0,0x0000000000000004,41.8,37.85,46.0,0,494
2026-09-30T21:16:01,0.1,0.05615234375,116.9,27.8,0.0,39.0,4.71,0.0,208.0,0x0000000000000004,41.8,37.85,46.0,,494
2026-09-30T21:16:11,0.1,0.046875,116.9,27.8,0.0,39.0,4.84,0.0,208.0,0x0000000000000000,41.8,37.85,46.0,,494
2026-09-30T21:16:21,0.0,0.0390625,116.9,27.8,0.0,39.0,4.69,0.0,208.0,0x0000000000000000,41.8,37.85,46.0,0,495
2026-09-30T21:16:31,0.1,0.03271484375,116.9,27.8,0.0,39.0,4.81,0.0,208.0,0x0000000000000000,41.8,37.85,46.0,,495
2026-09-30T21:16:41,0.1,0.02734375,116.9,27.8,0.0,39.0,4.71,0.0,208.0,0x0000000000000000,41.8,37.85,46.0,,494
2026-09-30T21:16:51,0.2,0.0224609375,116.9,27.8,0.0,39.0,4.74,0.0,208.0,0x0000000000000004,41.8,37.85,46.0,0,494
2026-09-30T21:17:01,0.1,0.0185546875,116.9,27.8,0.0,39.0,4.82,0.0,208.0,0x0000000000000000,41.8,37.85,46.0,,494
2026-09-30T21:17:11,0.0,0.01513671875,116.9,27.8,0.0,39.0,4.66,0.0,208.0,0x0000000000000000,41.8,37.85,46.0,,494
2026-09-30T21:17:22,0.1,0.01220703125,116.9,27.8,0.0,39.0,4.77,0.0,208.0,0x0000000000000000,41.8,37.85,46.0,0,493
2026-09-30T21:17:32,0.1,0.009765625,116.9,27.8,0.0,39.0,4.76,0.0,208.0,0x0000000000000004,41.8,37.85,46.0,,493
2026-09-30T21:17:42,0.1,0.0078125,116.9,27.8,0.0,39.0,4.77,0.0,208.0,0x0000000000000000,41.8,37.85,46.0,,493
2026-09-30T21:17:52,0.1,0.005859375,116.9,27.8,0.0,39.0,4.86,0.0,208.0,0x0000000000000000,41.8,37.85,47.0,0,492
2026-09-30T21:18:02,0.1,0.07861328125,116.9,27.8,0.0,39.0,4.88,0.0,208.0,0x0000000000000000,41.8,37.85,46.0,,492
2026-09-30T21:18:12,0.1,0.06640625,116.9,27.8,0.0,39.0,4.86,0.0,208.0,0x0000000000000000,41.8,37.85,46.0,,492
2026-09-30T21:18:22,0.1,0.0556640625,116.9,27.8,0.0,39.0,4.75,0.0,208.0,0x0000000000000004,41.8,37.85,46.0,0,492
2026-09-30T21:18:32,0.1,0.04638671875,116.9,27.8,0.0,40.0,4.76,1.0,208.0,0x0000000000000000,41.8,37.85,46.0,,492
2026-09-30T21:18:42,0.1,0.0390625,116.9,27.8,0.0,39.0,4.72,0.0,208.0,0x0000000000000000,42.0,37.85,46.0,,492
2026-09-30T21:18:52,0.1,0.03271484375,116.9,27.8,0.0,39.0,4.66,0.0,208.0,0x0000000000000000,41.8,37.85,46.0,0,490
2026-09-30T21:19:02,0.0,0.02734375,116.9,27.8,0.0,39.0,4.85,0.0,208.0,0x0000000000000000,41.8,37.85,46.0,,490
2026-09-30T21:19:12,0.1,0.0224609375,116.9,27.8,0.0,39.0,4.76,0.0,208.0,0x0000000000000004,41.8,37.85,46.0,,490
2026-09-30T21:19:23,0.1,0.0185546875,116.9,27.8,0.0,39.0,4.82,0.0,208.0,0x0000000000000000,41.8,37.85,46.0,0,490
2026-09-30T21:19:33,0.1,0.01513671875,116.9,27.8,0.0,39.0,4.66,0.0,208.0,0x0000000000000000,41.8,37.85,46.0,,491
2026-09-30T21:19:43,0.2,0.01220703125,116.9,27.8,0.0,39.0,4.83,0.0,201.0,0x0000000000000004,42.4,37.85,46.0,,492
2026-09-30T21:19:53,0.0,0.009765625,116.9,27.8,0.0,39.0,4.85,0.0,208.0,0x0000000000000000,41.8,37.85,46.0,0,493
2026-09-30T21:20:03,0.1,0.0078125,116.9,27.8,0.0,39.0,4.83,0.0,208.0,0x0000000000000000,41.8,37.85,46.0,,492
2026-09-30T21:20:13,0.1,0.005859375,116.9,27.8,0.0,40.0,4.88,0.0,208.0,0x0000000000000000,41.8,37.85,46.0,,492
2026-09-30T21:20:23,0.1,0.0048828125,116.9,27.8,0.0,40.0,4.72,0.0,208.0,0x0000000000000000,41.8,37.85,46.0,0,493
2026-09-30T21:20:33,0.1,0.078125,116.9,27.8,0.0,39.0,4.69,0.0,208.0,0x0000000000000004,41.8,37.85,46.0,,492
2026-09-30T21:20:43,0.1,0.06591796875,116.8,27.8,0.0,39.0,4.68,0.0,208.0,0x0000000000000000,42.1,37.85,46.0,,492
2026-09-30T21:20:53,0.1,0.0556640625,116.9,27.8,0.0,39.0,4.71,0.0,208.0,0x0000000000000000,41.8,37.85,46.0,0,492
2026-09-30T21:21:03,0.1,0.04638671875,116.9,27.8,0.0,39.0,4.88,0.0,208.0,0x0000000000000000,41.8,37.85,46.0,,492
2026-09-30T21:21:13,0.1,0.0390625,116.9,27.8,0.0,39.0,4.71,0.0,208.0,0x0000000000000004,41.8,37.85,46.0,,492
2026-09-30T21:21:24,0.0,0.03271484375,116.9,27.8,0.0,39.0,4.71,0.0,208.0,0x0000000000000000,41.8,37.85,46.0,0,492
2026-09-30T21:21:34,0.0,0.02734375,116.9,27.8,0.0,39.0,4.79,0.0,208.0,0x0000000000000000,41.8,37.85,46.0,,493
2026-09-30T21:21:44,0.2,0.10302734375,116.9,27.8,0.0,39.0,4.7,0.0,208.0,0x0000000000000000,42.0,37.85,46.0,,494
2026-09-30T21:21:54,0.1,0.0869140625,116.9,27.8,0.0,39.0,4.92,0.0,208.0,0x0000000000000000,41.8,37.85,47.0,0,494
2026-09-30T21:22:04,0.1,0.07275390625,116.9,27.8,0.0,39.0,4.81,0.0,208.0,0x0000000000000004,41.8,37.85,46.0,,494
2026-09-30T21:22:14,0.1,0.14208984375,116.9,27.8,0.0,39.0,4.82,0.0,208.0,0x0000000000000000,41.8,37.85,46.0,,494
2026-09-30T21:22:24,0.0,0.11962890625,116.9,27.8,0.0,39.0,4.92,0.0,208.0,0x0000000000000000,41.8,37.85,46.0,0,494
2026-09-30T21:22:34,0.1,0.1005859375,116.9,27.8,0.0,39.0,4.84,0.0,208.0,0x0000000000000000,41.8,37.85,46.0,,494
2026-09-30T21:22:44,0.2,0.1650390625,116.9,27.8,0.0,39.0,4.98,0.0,208.0,0x0000000000000000,41.8,37.85,46.0,,494
2026-09-30T21:22:54,0.0,0.13916015625,116.9,27.8,0.0,39.0,4.91,0.0,208.0,0x0000000000000000,41.8,37.85,47.0,0,494
2026-09-30T21:23:04,0.1,0.11767578125,116.9,27.8,0.0,39.0,4.77,0.0,208.0,0x0000000000000000,41.8,37.85,46.0,,494
2026-09-30T21:23:14,0.1,0.09912109375,116.9,27.8,0.0,39.0,4.61,0.0,208.0,0x0000000000000000,41.8,37.85,46.0,,494
2026-09-30T21:23:24,0.1,0.08349609375,116.9,27.8,0.0,39.0,4.67,0.0,208.0,0x0000000000000004,41.8,37.85,46.0,0,494
2026-09-30T21:23:35,0.1,0.14453125,116.9,27.8,0.0,39.0,4.95,0.0,208.0,0x0000000000000000,41.8,37.85,46.0,,494
2026-09-30T21:23:45,0.1,0.1220703125,116.9,27.8,0.0,39.0,4.8,0.0,208.0,0x0000000000000004,41.8,37.85,46.0,,494
2026-09-30T21:23:55,0.0,0.1025390625,116.9,27.8,0.0,39.0,4.75,0.0,208.0,0x0000000000000000,41.8,37.85,46.0,0,494
2026-09-30T21:24:05,0.1,0.1669921875,116.9,27.8,0.0,39.0,4.73,0.0,208.0,0x0000000000000000,41.8,37.85,47.0,,494
2026-09-30T21:24:15,0.1,0.28857421875,116.9,27.8,0.0,39.0,4.71,0.0,208.0,0x0000000000000004,41.8,37.85,46.0,,494
2026-09-30T21:24:25,0.0,0.24365234375,116.9,27.8,0.0,39.0,4.93,0.0,208.0,0x0000000000000000,41.8,37.85,46.0,0,494
2026-09-30T21:24:35,0.1,0.2060546875,116.9,27.8,0.0,39.0,4.83,0.0,208.0,0x0000000000000004,41.8,37.85,46.0,,494
2026-09-30T21:24:45,0.1,0.173828125,116.9,27.8,0.0,39.0,4.89,0.0,208.0,0x0000000000000004,41.8,37.85,47.0,,494
2026-09-30T21:24:55,0.1,0.38720703125,116.9,27.8,0.0,39.0,4.94,0.0,208.0,0x0000000000000000,41.8,37.85,46.0,0,490
2026-09-30T21:25:05,0.1,0.3271484375,116.9,27.8,0.0,39.0,4.93,0.0,208.0,0x0000000000000000,41.8,37.85,47.0,,490
2026-09-30T21:25:15,0.1,0.2763671875,116.9,27.8,0.0,39.0,4.98,0.0,208.0,0x0000000000000000,41.8,37.85,47.0,,490
2026-09-30T21:25:25,0.0,0.2333984375,116.9,27.8,0.0,39.0,4.81,0.0,208.0,0x0000000000000000,41.8,37.85,47.0,0,489
2026-09-30T21:25:36,0.1,0.19677734375,116.9,27.8,0.0,39.0,4.93,0.0,208.0,0x0000000000000000,41.8,37.85,47.0,,490
2026-09-30T21:25:46,0.2,0.23291015625,116.9,27.8,0.0,39.0,4.95,0.0,208.0,0x0000000000000004,41.8,37.85,47.0,,490
2026-09-30T21:25:56,0.0,0.1962890625,116.9,27.8,0.0,39.0,4.89,0.0,208.0,0x0000000000000004,41.8,37.85,47.0,0,491
2026-09-30T21:26:06,0.1,0.16552734375,116.9,27.8,0.0,39.0,5.05,0.0,208.0,0x0000000000000000,41.8,37.85,47.0,,492
2026-09-30T21:26:16,0.1,0.1396484375,116.9,27.8,0.0,39.0,4.95,0.0,208.0,0x0000000000000000,41.8,37.85,47.0,,492
2026-09-30T21:26:26,0.0,0.11767578125,116.9,27.8,0.0,39.0,4.91,0.0,208.0,0x0000000000000000,41.8,37.85,47.0,0,492
2026-09-30T21:26:36,0.1,0.09912109375,116.9,27.8,0.0,39.0,4.86,0.0,208.0,0x0000000000000000,41.8,37.85,46.0,,490
2026-09-30T21:26:46,3.3,0.244140625,116.6,27.8,0.0,40.0,5.18,0.0,208.0,0x0000000000000004,48.6,37.85,46.0,,500
2026-09-30T21:26:56,9.7,0.353515625,116.6,27.8,0.0,41.0,5.21,0.0,208.0,0x0000000000000000,44.8,37.85,47.0,0,493
2026-09-30T21:27:06,5.9,0.373046875,116.8,27.8,0.0,41.0,5.08,0.0,208.0,0x0000000000000004,44.4,37.85,47.0,,493
2026-09-30T21:27:16,6.0,0.4755859375,116.8,27.8,0.0,41.0,3.96,0.0,208.0,0x0000000000000000,45.2,37.85,48.0,,494
2026-09-30T21:27:26,6.3,0.48291015625,116.8,27.8,0.0,41.0,5.21,0.0,208.0,0x0000000000000004,44.7,38.85,48.0,0,494
2026-09-30T21:27:36,5.7,0.72265625,116.8,27.8,0.0,41.0,4.64,0.0,208.0,0x0000000000000000,45.4,38.85,48.0,,496
2026-09-30T21:27:47,6.5,0.611328125,116.8,27.8,0.0,42.0,5.24,0.0,208.0,0x0000000000000000,45.7,38.85,48.0,,496
2026-09-30T21:27:57,5.5,0.67138671875,116.8,27.8,0.0,41.0,5.32,0.0,208.0,0x0000000000000004,45.0,38.85,48.0,0,496
2026-09-30T21:28:07,0.2,0.5673828125,116.8,27.8,0.0,41.0,5.0,0.0,208.0,0x0000000000000000,43.8,38.85,48.0,,496
2026-09-30T21:28:17,0.1,0.4794921875,116.8,27.8,0.0,41.0,4.97,0.0,208.0,0x0000000000000004,42.9,38.85,48.0,,496
2026-09-30T21:28:27,0.0,0.4052734375,116.8,27.8,0.0,41.0,4.94,0.0,208.0,0x0000000000000000,42.8,38.85,47.0,0,496
2026-09-30T21:28:37,0.1,0.34228515625,116.9,27.8,0.0,41.0,4.82,0.0,208.0,0x0000000000000000,42.8,38.85,48.0,,496
2026-09-30T21:28:47,0.2,0.2890625,116.9,27.8,0.0,40.0,4.9,0.0,208.0,0x0000000000000000,42.8,38.85,47.0,,496
2026-09-30T21:28:57,0.1,0.244140625,116.9,27.8,0.0,40.0,4.82,0.0,208.0,0x0000000000000000,42.8,38.85,47.0,0,496
2026-09-30T21:29:07,0.1,0.2060546875,116.9,27.8,0.0,40.0,4.76,0.0,208.0,0x0000000000000004,42.7,38.85,47.0,,498
2026-09-30T21:29:17,0.0,0.173828125,116.8,27.8,0.0,40.0,4.92,0.0,208.0,0x0000000000000000,42.7,38.85,48.0,,498
2026-09-30T21:29:27,0.0,0.220703125,116.8,27.8,0.0,40.0,4.93,0.0,208.0,0x0000000000000000,42.7,38.85,47.0,0,498
2026-09-30T21:29:37,0.1,0.18603515625,116.9,27.8,0.0,40.0,4.88,0.0,208.0,0x0000000000000004,42.5,38.85,47.0,,498
2026-09-30T21:29:48,0.1,0.15673828125,116.9,27.8,0.0,40.0,4.97,0.0,208.0,0x0000000000000000,42.4,38.85,47.0,,498
2026-09-30T21:29:58,0.0,0.13232421875,116.9,27.8,0.0,40.0,4.86,0.0,208.0,0x0000000000000000,42.1,38.85,47.0,0,498
2026-09-30T21:30:08,0.1,0.11181640625,116.9,27.8,0.0,40.0,4.85,0.0,208.0,0x0000000000000000,41.9,38.85,47.0,,500
2026-09-30T21:30:18,0.1,0.09423828125,116.9,27.8,0.0,40.0,4.79,0.0,208.0,0x0000000000000000,41.8,38.85,47.0,,500
2026-09-30T21:30:28,0.0,0.0791015625,116.9,27.8,0.0,40.0,4.84,0.0,208.0,0x0000000000000004,41.8,38.85,47.0,0,499
2026-09-30T21:30:38,0.1,0.06689453125,116.9,27.8,0.0,40.0,4.91,0.0,208.0,0x0000000000000000,41.8,38.85,47.0,,499
2026-09-30T21:30:48,0.1,0.05615234375,116.9,27.8,0.0,40.0,4.86,0.0,208.0,0x0000000000000000,41.8,38.85,47.0,,499
2026-09-30T21:30:58,0.0,0.046875,116.8,27.8,0.0,40.0,4.97,0.0,214.0,0x0000000000000000,41.8,38.85,47.0,0,497
2026-09-30T21:31:08,0.1,0.0390625,116.9,27.8,0.0,40.0,4.91,0.0,208.0,0x0000000000000000,41.8,38.85,47.0,,497
2026-09-30T21:31:18,0.1,0.03271484375,116.9,27.8,0.0,40.0,4.85,0.0,208.0,0x0000000000000004,41.9,38.85,47.0,,497
2026-09-30T21:31:28,0.0,0.02734375,116.9,27.8,0.0,40.0,4.86,0.0,208.0,0x0000000000000000,41.8,38.85,47.0,0,496
2026-09-30T21:31:38,0.1,0.0224609375,116.9,27.8,0.0,40.0,4.96,0.0,208.0,0x0000000000000000,41.9,38.85,47.0,,496
2026-09-30T21:31:48,0.2,0.0185546875,116.9,27.8,0.0,40.0,4.83,0.0,208.0,0x0000000000000000,41.8,38.85,47.0,,497
2026-09-30T21:31:59,0.1,0.01513671875,116.9,27.8,0.0,40.0,4.87,0.0,208.0,0x0000000000000004,42.1,38.85,47.0,0,495
2026-09-30T21:32:09,0.1,0.01220703125,116.9,27.8,0.0,40.0,4.81,0.0,208.0,0x0000000000000000,41.8,38.85,47.0,,494
2026-09-30T21:32:19,0.1,0.083984375,116.9,27.8,0.0,40.0,4.92,0.0,208.0,0x0000000000000000,42.1,38.85,47.0,,494
2026-09-30T21:32:29,0.0,0.07080078125,116.9,27.8,0.0,40.0,4.87,0.0,208.0,0x0000000000000000,41.8,38.85,47.0,0,494
2026-09-30T21:32:39,0.1,0.0595703125,116.9,27.8,0.0,40.0,4.87,0.0,208.0,0x0000000000000000,41.8,38.85,47.0,,495
2026-09-30T21:32:49,0.2,0.05029296875,116.9,27.8,0.0,40.0,4.82,0.0,208.0,0x0000000000000004,41.8,38.85,47.0,,495
2026-09-30T21:32:59,0.0,0.0419921875,116.9,27.8,0.0,40.0,4.78,0.0,208.0,0x0000000000000000,41.8,38.85,47.0,0,495
2026-09-30T21:33:09,0.1,0.03515625,116.9,27.8,0.0,40.0,4.81,0.0,208.0,0x0000000000000000,41.8,38.85,47.0,,495
2026-09-30T21:33:19,0.1,0.029296875,116.9,27.8,0.0,40.0,4.9,0.0,208.0,0x0000000000000000,41.8,38.85,47.0,,496
2026-09-30T21:33:29,0.1,0.0244140625,116.9,27.8,0.0,40.0,4.86,0.0,208.0,0x0000000000000000,41.8,38.85,47.0,0,496
2026-09-30T21:33:39,0.0,0.02001953125,116.9,27.8,0.0,40.0,4.73,0.0,208.0,0x0000000000000000,41.8,38.85,46.0,,494
2026-09-30T21:33:49,0.2,0.0166015625,116.9,27.8,0.0,40.0,4.73,0.0,208.0,0x0000000000000000,41.8,38.85,46.0,,495
2026-09-30T21:34:00,0.0,0.013671875,116.9,27.8,0.0,40.0,4.62,0.0,208.0,0x0000000000000000,41.8,37.85,46.0,0,496
2026-09-30T21:34:10,0.1,0.0107421875,116.9,27.8,0.0,40.0,4.81,0.0,208.0,0x0000000000000004,41.8,37.85,47.0,,497
2026-09-30T21:34:20,0.0,0.0087890625,116.9,27.8,0.0,40.0,4.84,0.0,208.0,0x0000000000000000,41.8,37.85,46.0,,496
2026-09-30T21:34:30,0.0,0.0068359375,116.9,27.8,0.0,40.0,4.82,0.0,208.0,0x0000000000000004,41.8,37.85,46.0,0,497
2026-09-30T21:34:40,0.1,0.00537109375,116.9,27.8,0.0,40.0,5.01,0.0,208.0,0x0000000000000000,41.8,37.85,46.0,,499
2026-09-30T21:34:50,0.1,0.00439453125,116.9,27.8,0.0,40.0,4.83,0.0,208.0,0x0000000000000000,41.8,37.85,46.0,,500
2026-09-30T21:35:00,0.0,0.00341796875,116.9,27.8,0.0,40.0,4.92,0.0,208.0,0x0000000000000004,41.8,37.85,47.0,0,501
2026-09-30T21:35:10,0.1,0.0830078125,116.9,27.8,0.0,40.0,5.01,0.0,208.0,0x0000000000000000,41.8,37.85,46.0,,501
2026-09-30T21:35:20,0.1,0.06982421875,116.9,27.8,0.0,40.0,4.8,0.0,208.0,0x0000000000000004,41.8,37.85,46.0,,499
2026-09-30T21:35:30,0.0,0.05859375,116.9,27.8,0.0,40.0,4.82,0.0,214.0,0x0000000000000000,41.8,37.85,47.0,0,499
2026-09-30T21:35:40,0.1,0.04931640625,116.9,27.8,0.0,40.0,4.76,0.0,208.0,0x0000000000000000,41.8,37.85,47.0,,499
2026-09-30T21:35:50,0.2,0.041015625,116.9,27.8,0.0,40.0,4.74,0.0,208.0,0x0000000000000000,41.8,37.85,46.0,,499
2026-09-30T21:36:01,0.0,0.0341796875,116.9,27.8,0.0,39.0,4.89,0.0,208.0,0x0000000000000000,41.8,37.85,47.0,0,499
2026-09-30T21:36:11,0.1,0.0283203125,116.9,27.8,0.0,40.0,4.84,0.0,208.0,0x0000000000000000,41.8,37.85,46.0,,499
2026-09-30T21:36:21,0.0,0.10205078125,116.9,27.8,0.0,39.0,4.81,0.0,208.0,0x0000000000000000,41.8,37.85,46.0,,499
2026-09-30T21:36:31,0.0,0.0859375,116.9,27.8,0.0,40.0,4.86,0.0,208.0,0x0000000000000000,41.8,37.85,46.0,0,499
2026-09-30T21:36:41,0.1,0.072265625,116.8,27.8,0.0,39.0,4.95,0.0,208.0,0x0000000000000004,41.8,37.85,46.0,,499
2026-09-30T21:36:51,0.1,0.06103515625,116.9,27.8,0.0,40.0,4.97,0.0,208.0,0x0000000000000000,41.8,37.85,46.0,,499
2026-09-30T21:37:01,0.0,0.05078125,116.9,27.8,0.0,39.0,5.01,0.0,208.0,0x0000000000000000,41.8,37.85,46.0,0,498
2026-09-30T21:37:11,0.1,0.04248046875,116.9,27.8,0.0,40.0,4.99,0.0,208.0,0x0000000000000000,41.8,37.85,46.0,,498
2026-09-30T21:37:21,0.0,0.03564453125,116.9,27.8,0.0,40.0,4.96,0.0,208.0,0x0000000000000000,41.8,37.85,47.0,,498
2026-09-30T21:37:31,0.0,0.02978515625,116.9,27.8,0.0,39.0,4.87,0.0,208.0,0x0000000000000004,41.8,37.85,46.0,0,498
2026-09-30T21:37:41,0.1,0.02490234375,116.9,27.8,0.0,40.0,4.85,0.0,208.0,0x0000000000000000,41.8,37.85,46.0,,498
2026-09-30T21:37:51,0.2,0.0205078125,116.9,27.8,0.0,40.0,4.82,0.0,208.0,0x0000000000000000,41.8,37.85,46.0,,498
2026-09-30T21:38:02,0.0,0.0166015625,116.9,27.8,0.0,39.0,4.93,0.0,208.0,0x0000000000000000,41.8,37.85,46.0,0,497
2026-09-30T21:38:12,0.1,0.013671875,116.9,27.8,0.0,40.0,4.84,0.0,208.0,0x0000000000000004,41.8,37.85,46.0,,497
2026-09-30T21:38:22,0.0,0.0849609375,116.9,27.8,0.0,40.0,4.82,0.0,208.0,0x0000000000000000,41.8,37.85,46.0,,497
2026-09-30T21:38:32,0.0,0.07177734375,116.9,27.8,0.0,40.0,4.85,0.0,208.0,0x0000000000000000,41.8,37.85,46.0,0,497
2026-09-30T21:38:42,0.1,0.060546875,116.9,27.8,0.0,40.0,4.64,0.0,208.0,0x0000000000000000,41.8,37.85,46.0,,497
2026-09-30T21:38:52,0.1,0.13134765625,116.9,27.8,0.0,39.0,4.83,0.0,208.0,0x0000000000000000,41.8,37.85,46.0,,497
2026-09-30T21:39:02,0.0,0.11083984375,116.9,27.8,0.0,39.0,4.85,0.0,208.0,0x0000000000000004,41.8,37.85,46.0,0,497
2026-09-30T21:39:12,0.1,0.09326171875,116.9,27.8,0.0,39.0,4.84,0.0,208.0,0x0000000000000000,41.8,37.85,46.0,,495
2026-09-30T21:39:22,0.1,0.078125,116.9,27.8,0.0,39.0,4.84,0.0,208.0,0x0000000000000000,41.8,37.85,46.0,,495
2026-09-30T21:39:32,0.0,0.14013671875,116.9,27.8,0.0,39.0,4.75,0.0,208.0,0x0000000000000000,41.8,37.85,45.0,0,495
2026-09-30T21:39:42,0.1,0.1181640625,116.9,27.8,0.0,39.0,4.8,0.0,208.0,0x0000000000000000,41.8,37.85,46.0,,492
2026-09-30T21:39:52,0.1,0.173828125,116.9,27.8,0.0,39.0,4.78,0.0,208.0,0x0000000000000004,41.8,37.85,46.0,,493
2026-09-30T21:40:02,0.1,0.146484375,116.9,27.8,0.0,39.0,4.76,0.0,208.0,0x0000000000000000,41.8,37.85,46.0,0,493
2026-09-30T21:40:13,0.1,0.123046875,116.9,27.8,0.0,39.0,4.7,0.0,208.0,0x0000000000000000,41.8,37.85,46.0,,492
2026-09-30T21:40:23,0.0,0.103515625,116.9,27.8,0.0,39.0,4.7,0.0,208.0,0x0000000000000004,41.8,37.85,46.0,,493
2026-09-30T21:40:33,0.0,0.08740234375,116.9,27.8,0.0,39.0,4.88,0.0,208.0,0x0000000000000000,41.8,37.85,46.0,0,494
2026-09-30T21:40:43,0.2,0.0732421875,116.9,27.8,0.0,39.0,4.82,0.0,208.0,0x0000000000000000,41.8,37.85,46.0,,494
2026-09-30T21:40:53,0.0,0.0615234375,116.9,27.8,0.0,39.0,4.88,0.0,214.0,0x0000000000000000,41.8,37.85,46.0,,494
2026-09-30T21:41:03,0.1,0.05126953125,116.9,27.8,0.0,39.0,4.84,0.0,208.0,0x0000000000000000,41.8,37.85,46.0,0,494
2026-09-30T21:41:13,0.1,0.04296875,116.9,27.8,0.0,39.0,4.74,0.0,208.0,0x0000000000000004,41.8,37.85,46.0,,494
2026-09-30T21:41:23,0.0,0.03564453125,116.9,27.8,0.0,39.0,4.89,0.0,208.0,0x0000000000000000,41.8,37.85,46.0,,494
2026-09-30T21:41:33,0.0,0.02978515625,116.9,27.8,0.0,39.0,4.71,0.0,208.0,0x0000000000000004,41.8,37.85,46.0,0,494
2026-09-30T21:41:43,0.2,0.02490234375,116.9,27.8,0.0,39.0,4.95,0.0,208.0,0x0000000000000000,41.8,37.85,46.0,,494
2026-09-30T21:41:53,0.0,0.0205078125,116.9,27.8,0.0,39.0,4.95,0.0,208.0,0x0000000000000000,41.8,37.85,46.0,,494
2026-09-30T21:42:03,0.4,0.09716796875,116.9,27.8,0.0,39.0,4.76,0.0,208.0,0x0000000000000004,41.9,37.85,46.0,0,494
2026-09-30T21:42:14,0.4,0.08203125,116.9,27.8,0.0,39.0,4.88,0.0,208.0,0x0000000000000000,42.4,37.85,46.0,,496
