time,cpu_busy_pct,load1,mem_avail_GB,page_cache_GB,swap_used_GB,gpu_temp_C,gpu_power_W,gpu_util_pct,gpu_sm_MHz,gpu_throttle,acpi_max_C,nvme_C,nic_max_C,containers,procs
2026-09-30T13:34:38,0.6,0.3173828125,114.7,3.5,0.0,41.0,5.99,2.0,344.0,0x0000000000000000,43.4,42.85,46.0,0,514
2026-09-30T13:34:48,0.8,0.26806640625,114.8,3.5,0.0,41.0,6.02,3.0,370.0,0x0000000000000000,43.1,42.85,46.0,,516
2026-09-30T13:34:58,0.6,0.2265625,114.7,3.5,0.0,41.0,5.91,4.0,247.0,0x0000000000000000,42.9,42.85,46.0,,508
2026-09-30T13:35:08,0.8,0.19091796875,114.8,3.5,0.0,41.0,5.92,1.0,416.0,0x0000000000000000,43.0,42.85,46.0,0,509
2026-09-30T13:35:19,0.6,0.1611328125,114.8,3.5,0.0,41.0,6.06,2.0,351.0,0x0000000000000000,43.0,42.85,46.0,,508
2026-09-30T13:35:29,0.4,0.1357421875,114.7,3.5,0.0,41.0,5.44,0.0,208.0,0x0000000000000000,42.8,42.85,46.0,,508
2026-09-30T13:35:39,0.2,0.1142578125,114.7,3.5,0.0,41.0,5.29,0.0,208.0,0x0000000000000000,42.8,42.85,46.0,0,504
2026-09-30T13:35:49,0.2,0.09619140625,114.8,3.5,0.0,41.0,5.28,0.0,208.0,0x0000000000000000,42.8,42.85,46.0,,505
2026-09-30T13:35:59,0.2,0.0810546875,114.8,3.5,0.0,41.0,5.32,0.0,208.0,0x0000000000000000,42.8,42.85,46.0,,504
2026-09-30T13:36:09,0.2,0.14208984375,114.8,3.5,0.0,41.0,5.27,0.0,208.0,0x0000000000000004,42.8,42.85,46.0,0,505
2026-09-30T13:36:19,0.8,0.11962890625,114.8,3.5,0.0,41.0,5.53,3.0,260.0,0x0000000000000000,42.9,42.85,46.0,,505
2026-09-30T13:36:29,0.7,0.1005859375,114.8,3.5,0.0,41.0,5.63,3.0,279.0,0x0000000000000000,42.8,42.85,46.0,,506
2026-09-30T13:36:39,0.7,0.08447265625,114.7,3.5,0.0,41.0,8.08,2.0,728.0,0x0000000000000000,43.1,42.85,46.0,0,505
2026-09-30T13:36:49,0.7,0.15185546875,114.7,3.5,0.0,41.0,5.66,0.0,208.0,0x0000000000000000,42.8,42.85,46.0,,507
2026-09-30T13:36:59,0.6,0.12841796875,114.8,3.5,0.0,41.0,5.65,0.0,260.0,0x0000000000000000,42.9,42.85,46.0,,506
2026-09-30T13:37:10,0.7,0.10791015625,114.7,3.5,0.0,41.0,5.91,2.0,305.0,0x0000000000000000,42.8,42.85,46.0,0,506
2026-09-30T13:37:20,0.7,0.23876953125,114.7,3.5,0.0,41.0,6.18,2.0,383.0,0x0000000000000000,43.1,42.85,46.0,,505
2026-09-30T13:37:30,0.8,0.20166015625,114.7,3.5,0.0,41.0,6.1,2.0,377.0,0x0000000000000000,42.9,42.85,46.0,,506
2026-09-30T13:37:40,0.7,0.25048828125,114.7,3.5,0.0,41.0,6.2,2.0,383.0,0x0000000000000000,43.1,42.85,46.0,0,511
2026-09-30T13:37:50,0.7,0.21142578125,114.7,3.5,0.0,41.0,5.77,0.0,247.0,0x0000000000000000,43.1,42.85,46.0,,507
2026-09-30T13:38:00,0.7,0.1787109375,114.7,3.5,0.0,41.0,6.16,3.0,409.0,0x0000000000000000,43.3,42.85,46.0,,508
2026-09-30T13:38:10,0.7,0.2314453125,114.7,3.5,0.0,41.0,6.07,2.0,299.0,0x0000000000000000,43.4,42.85,46.0,0,509
2026-09-30T13:38:20,0.7,0.19580078125,114.7,3.5,0.0,41.0,6.03,2.0,416.0,0x0000000000000000,43.5,42.85,46.0,,507
2026-09-30T13:38:30,0.5,0.1650390625,114.7,3.5,0.0,41.0,5.82,2.0,266.0,0x0000000000000000,43.1,42.85,46.0,,508
2026-09-30T13:38:40,0.6,0.13916015625,114.7,3.5,0.0,41.0,5.96,2.0,305.0,0x0000000000000000,43.2,42.85,46.0,0,507
2026-09-30T13:38:50,0.6,0.1982421875,114.7,3.5,0.0,41.0,6.03,1.0,357.0,0x0000000000000000,43.2,42.85,46.0,,509
2026-09-30T13:39:01,0.6,0.16748046875,114.7,3.5,0.0,41.0,6.02,4.0,260.0,0x0000000000000000,43.2,42.85,46.0,,508
2026-09-30T13:39:11,0.6,0.14111328125,114.7,3.5,0.0,41.0,5.64,0.0,305.0,0x0000000000000000,43.3,42.85,46.0,0,509
2026-09-30T13:39:21,0.3,0.11865234375,114.7,3.5,0.0,41.0,5.28,0.0,208.0,0x0000000000000000,42.8,42.85,46.0,,507
2026-09-30T13:39:31,0.2,0.173828125,114.7,3.5,0.0,41.0,5.26,0.0,208.0,0x0000000000000000,42.8,42.85,46.0,,508
2026-09-30T13:39:41,0.2,0.146484375,114.7,3.5,0.0,41.0,5.35,0.0,208.0,0x0000000000000000,42.8,42.85,46.0,0,507
2026-09-30T13:39:51,0.2,0.123046875,114.7,3.5,0.0,41.0,5.27,0.0,208.0,0x0000000000000004,42.8,42.85,46.0,,509
2026-09-30T13:40:01,0.7,0.177734375,114.7,3.5,0.0,41.0,5.33,0.0,208.0,0x0000000000000000,42.8,42.85,46.0,,506
2026-09-30T13:40:11,0.3,0.14990234375,114.7,3.5,0.0,41.0,5.27,0.0,208.0,0x0000000000000000,42.8,42.85,46.0,0,507
2026-09-30T13:40:21,0.2,0.12646484375,114.7,3.5,0.0,41.0,5.28,0.0,208.0,0x0000000000000000,42.8,42.85,45.0,,510
2026-09-30T13:40:31,0.2,0.1064453125,114.7,3.5,0.0,41.0,5.34,0.0,208.0,0x0000000000000000,42.8,42.85,46.0,,509
2026-09-30T13:40:41,0.2,0.08935546875,114.7,3.5,0.0,41.0,5.27,0.0,208.0,0x0000000000000004,42.8,42.85,46.0,0,512
2026-09-30T13:40:52,0.2,0.0751953125,114.8,3.5,0.0,41.0,5.28,0.0,208.0,0x0000000000000000,42.8,42.85,45.0,,511
2026-09-30T13:41:02,0.3,0.06298828125,114.7,3.5,0.0,41.0,5.26,0.0,208.0,0x0000000000000000,42.8,42.85,46.0,,512
2026-09-30T13:41:12,0.2,0.052734375,114.7,3.5,0.0,41.0,5.33,0.0,208.0,0x0000000000000000,42.8,42.85,46.0,0,512
2026-09-30T13:41:22,0.5,0.04443359375,114.7,3.5,0.0,41.0,5.99,4.0,331.0,0x0000000000000000,42.8,42.85,46.0,,511
2026-09-30T13:41:32,0.5,0.037109375,114.7,3.5,0.0,41.0,6.05,3.0,338.0,0x0000000000000000,42.8,42.85,46.0,,511
2026-09-30T13:41:42,0.4,0.03076171875,114.7,3.5,0.0,41.0,5.74,2.0,383.0,0x0000000000000000,42.8,42.85,46.0,0,511
2026-09-30T13:41:52,0.4,0.099609375,114.7,3.5,0.0,41.0,5.81,2.0,299.0,0x0000000000000000,42.8,42.85,46.0,,510
2026-09-30T13:42:02,0.5,0.2255859375,114.8,3.5,0.0,41.0,6.05,2.0,299.0,0x0000000000000000,43.0,42.85,46.0,,512
2026-09-30T13:42:12,0.6,0.1904296875,114.7,3.5,0.0,41.0,6.0,2.0,357.0,0x0000000000000000,42.9,42.85,46.0,0,512
2026-09-30T13:42:22,0.5,0.16064453125,114.7,3.5,0.0,41.0,5.75,2.0,247.0,0x0000000000000000,43.0,42.85,46.0,,513
2026-09-30T13:42:32,0.4,0.20947265625,114.7,3.5,0.0,41.0,5.78,2.0,240.0,0x0000000000000000,42.8,42.85,46.0,,515
2026-09-30T13:42:43,0.5,0.1767578125,114.7,3.5,0.0,41.0,6.07,2.0,416.0,0x0000000000000000,43.0,42.85,46.0,0,514
2026-09-30T13:42:53,0.5,0.1494140625,114.7,3.5,0.0,41.0,5.83,1.0,260.0,0x0000000000000000,42.9,42.85,46.0,,515
2026-09-30T13:43:03,0.5,0.1259765625,114.7,3.5,0.0,41.0,6.01,2.0,344.0,0x0000000000000000,42.8,42.85,46.0,,517
2026-09-30T13:43:13,0.5,0.1064453125,114.7,3.5,0.0,41.0,6.07,2.0,312.0,0x0000000000000000,43.1,42.85,46.0,0,514
2026-09-30T13:43:23,0.5,0.08935546875,114.7,3.5,0.0,41.0,6.0,0.0,299.0,0x0000000000000000,43.3,42.85,46.0,,517
2026-09-30T13:43:33,0.5,0.1494140625,114.7,3.5,0.0,41.0,5.97,2.0,273.0,0x0000000000000000,43.0,42.85,46.0,,517
2026-09-30T13:43:43,0.5,0.1259765625,114.7,3.5,0.0,41.0,5.94,2.0,351.0,0x0000000000000000,43.3,42.85,46.0,0,514
2026-09-30T13:43:53,0.5,0.1064453125,114.7,3.5,0.0,41.0,5.93,2.0,344.0,0x0000000000000000,43.2,42.85,46.0,,514
2026-09-30T13:44:03,0.4,0.08935546875,114.7,3.5,0.0,41.0,5.76,0.0,305.0,0x0000000000000000,43.0,42.85,46.0,,514
2026-09-30T13:44:13,0.4,0.22314453125,114.7,3.5,0.0,41.0,5.48,0.0,253.0,0x0000000000000000,42.8,42.85,46.0,0,514
2026-09-30T13:44:23,0.5,0.1884765625,114.7,3.5,0.0,41.0,5.97,2.0,351.0,0x0000000000000000,43.0,42.85,46.0,,515
2026-09-30T13:44:34,0.5,0.1591796875,114.7,3.5,0.0,41.0,5.98,2.0,305.0,0x0000000000000000,43.0,42.85,46.0,,513
2026-09-30T13:44:44,0.5,0.13427734375,114.7,3.5,0.0,41.0,5.99,2.0,435.0,0x0000000000000000,43.0,42.85,46.0,0,516
2026-09-30T13:44:54,0.7,0.11279296875,114.7,3.5,0.0,41.0,5.79,2.0,208.0,0x0000000000000000,43.4,42.85,46.0,,514
2026-09-30T13:45:04,0.5,0.1689453125,114.7,3.5,0.0,41.0,5.91,2.0,351.0,0x0000000000000000,43.4,42.85,46.0,,516
2026-09-30T13:45:14,0.5,0.22314453125,114.7,3.5,0.0,41.0,5.98,0.0,325.0,0x0000000000000000,43.0,42.85,46.0,0,515
2026-09-30T13:45:24,0.5,0.4169921875,114.7,3.5,0.0,41.0,5.89,2.0,305.0,0x0000000000000000,42.8,42.85,46.0,,511
2026-09-30T13:45:34,0.4,0.3525390625,114.7,3.5,0.0,41.0,5.81,2.0,364.0,0x0000000000000000,43.2,42.85,46.0,,511
2026-09-30T13:45:44,0.3,0.2978515625,114.7,3.5,0.0,41.0,5.57,0.0,266.0,0x0000000000000000,43.1,42.85,46.0,0,512
2026-09-30T13:45:54,0.4,0.251953125,114.7,3.5,0.0,41.0,5.92,0.0,299.0,0x0000000000000000,42.8,42.85,46.0,,512
2026-09-30T13:46:04,0.5,0.212890625,114.7,3.5,0.0,41.0,6.18,2.0,299.0,0x0000000000000000,43.2,42.85,46.0,,513
2026-09-30T13:46:14,0.6,0.1796875,114.7,3.5,0.0,41.0,6.01,2.0,351.0,0x0000000000000000,43.1,42.85,46.0,0,513
2026-09-30T13:46:25,0.5,0.2255859375,114.7,3.5,0.0,41.0,5.97,2.0,312.0,0x0000000000000000,43.0,42.85,46.0,,511
2026-09-30T13:46:39,0.8,0.1748046875,114.7,3.5,0.0,41.0,6.01,2.0,299.0,0x0000000000000000,43.5,42.85,46.0,0,512
2026-09-30T13:46:49,0.7,0.1474609375,114.7,3.5,0.0,41.0,6.04,4.0,338.0,0x0000000000000000,43.3,42.85,46.0,,512
2026-09-30T13:46:59,0.6,0.1240234375,114.7,3.5,0.0,41.0,6.05,2.0,305.0,0x0000000000000000,43.4,42.85,46.0,,514
2026-09-30T13:47:09,0.5,0.1044921875,114.7,3.5,0.0,41.0,6.08,2.0,338.0,0x0000000000000000,43.2,42.85,46.0,0,514
2026-09-30T13:47:19,0.5,0.087890625,114.7,3.5,0.0,41.0,6.04,1.0,377.0,0x0000000000000000,43.0,42.85,46.0,,514
2026-09-30T13:47:29,0.5,0.07373046875,114.7,3.5,0.0,41.0,6.05,2.0,292.0,0x0000000000000000,43.2,42.85,46.0,,514
2026-09-30T13:47:39,0.6,0.0615234375,114.7,3.5,0.0,41.0,6.04,3.0,305.0,0x0000000000000000,43.2,42.85,46.0,0,512
2026-09-30T13:47:49,0.5,0.05126953125,114.7,3.5,0.0,41.0,6.02,2.0,383.0,0x0000000000000000,43.3,42.85,46.0,,512
2026-09-30T13:47:59,0.5,0.04296875,114.7,3.5,0.0,41.0,6.09,2.0,260.0,0x0000000000000000,43.2,42.85,46.0,,513
2026-09-30T13:48:09,0.5,0.03564453125,114.7,3.5,0.0,41.0,6.08,2.0,429.0,0x0000000000000000,43.6,42.85,46.0,0,511
2026-09-30T13:48:20,0.5,0.02978515625,114.7,3.5,0.0,42.0,5.97,2.0,286.0,0x0000000000000000,43.5,42.85,46.0,,512
2026-09-30T13:48:30,0.6,0.185546875,114.7,3.5,0.0,41.0,6.09,2.0,364.0,0x0000000000000000,43.5,42.85,46.0,,512
2026-09-30T13:48:40,0.5,0.15673828125,114.7,3.5,0.0,41.0,6.09,2.0,364.0,0x0000000000000000,43.6,42.85,47.0,0,510
2026-09-30T13:48:50,0.5,0.13232421875,114.7,3.5,0.0,41.0,6.02,2.0,351.0,0x0000000000000000,43.5,42.85,46.0,,510
2026-09-30T13:49:00,0.5,0.11181640625,114.7,3.5,0.0,41.0,6.13,0.0,331.0,0x0000000000000000,43.4,42.85,46.0,,510
2026-09-30T13:49:10,0.5,0.09423828125,114.7,3.5,0.0,42.0,6.0,2.0,351.0,0x0000000000000000,43.5,42.85,46.0,0,510
2026-09-30T13:49:20,0.5,0.15966796875,114.7,3.5,0.0,41.0,6.03,4.0,325.0,0x0000000000000000,43.0,42.85,46.0,,510
2026-09-30T13:49:30,0.5,0.13427734375,114.7,3.5,0.0,41.0,5.89,2.0,286.0,0x0000000000000000,43.1,42.85,46.0,,511
2026-09-30T13:49:40,0.5,0.11279296875,114.7,3.5,0.0,41.0,5.97,2.0,286.0,0x0000000000000000,43.3,42.85,46.0,0,511
2026-09-30T13:49:50,0.5,0.09521484375,114.7,3.5,0.0,41.0,6.02,2.0,338.0,0x0000000000000000,43.5,42.85,46.0,,510
2026-09-30T13:50:00,0.6,0.16064453125,114.7,3.5,0.0,41.0,5.84,2.0,286.0,0x0000000000000000,43.2,43.85,46.0,,509
2026-09-30T13:50:10,0.5,0.2158203125,114.7,3.5,0.0,41.0,6.01,1.0,331.0,0x0000000000000000,43.2,42.85,46.0,0,512
2026-09-30T13:50:21,0.5,0.18212890625,114.7,3.5,0.0,41.0,5.9,0.0,312.0,0x0000000000000000,43.4,42.85,46.0,,514
2026-09-30T13:50:31,0.5,0.15380859375,114.7,3.5,0.0,41.0,6.11,2.0,318.0,0x0000000000000000,43.4,42.85,46.0,,512
2026-09-30T13:50:41,0.5,0.12939453125,114.7,3.5,0.0,41.0,5.95,2.0,338.0,0x0000000000000000,43.3,42.85,46.0,0,512
2026-09-30T13:50:51,0.5,0.10888671875,114.7,3.5,0.0,41.0,6.08,3.0,435.0,0x0000000000000000,43.3,42.85,46.0,,511
2026-09-30T13:51:01,0.7,0.091796875,114.7,3.5,0.0,41.0,5.98,2.0,338.0,0x0000000000000000,43.7,44.85,46.0,,509
2026-09-30T13:51:11,1.0,0.0771484375,114.7,3.6,0.0,42.0,5.96,4.0,338.0,0x0000000000000000,43.7,43.85,46.0,0,509
2026-09-30T13:51:21,0.5,0.06494140625,114.7,3.6,0.0,42.0,5.97,2.0,312.0,0x0000000000000000,43.7,42.85,46.0,,508
2026-09-30T13:51:31,0.6,0.0546875,114.7,3.6,0.0,41.0,5.96,2.0,299.0,0x0000000000000000,43.7,42.85,46.0,,508
2026-09-30T13:51:41,0.4,0.0458984375,114.7,3.6,0.0,41.0,5.8,2.0,253.0,0x0000000000000000,43.5,42.85,47.0,0,509
2026-09-30T13:51:51,0.6,0.03857421875,114.7,3.6,0.0,42.0,6.05,2.0,468.0,0x0000000000000000,43.6,42.85,46.0,,510
2026-09-30T13:52:01,0.5,0.0322265625,114.7,3.6,0.0,41.0,5.83,4.0,318.0,0x0000000000000000,43.6,42.85,46.0,,509
2026-09-30T13:52:12,0.4,0.02685546875,114.7,3.6,0.0,42.0,5.85,2.0,344.0,0x0000000000000000,43.6,42.85,46.0,0,509
2026-09-30T13:52:22,0.7,0.09619140625,114.7,3.6,0.0,42.0,6.11,2.0,403.0,0x0000000000000000,43.7,42.85,46.0,,509
2026-09-30T13:52:32,0.6,0.16162109375,114.7,3.6,0.0,42.0,6.05,2.0,305.0,0x0000000000000000,43.7,42.85,46.0,,509
2026-09-30T13:52:42,0.4,0.13623046875,114.7,3.6,0.0,42.0,5.84,2.0,253.0,0x0000000000000000,43.6,43.85,46.0,0,509
2026-09-30T13:52:52,0.5,0.11474609375,114.7,3.6,0.0,41.0,6.0,2.0,351.0,0x0000000000000000,43.6,43.85,46.0,,509
2026-09-30T13:53:02,0.5,0.0966796875,114.7,3.6,0.0,42.0,6.1,2.0,338.0,0x0000000000000000,43.7,42.85,46.0,,510
2026-09-30T13:53:12,0.6,0.08154296875,114.7,3.6,0.0,42.0,6.07,0.0,364.0,0x0000000000000000,43.7,43.85,46.0,0,510
2026-09-30T13:53:22,0.5,0.068359375,114.7,3.6,0.0,42.0,5.98,3.0,338.0,0x0000000000000000,43.7,42.85,46.0,,510
2026-09-30T13:53:32,0.5,0.2119140625,114.7,3.6,0.0,41.0,6.16,2.0,331.0,0x0000000000000000,43.6,42.85,46.0,,508
2026-09-30T13:53:42,0.5,0.31298828125,114.7,3.6,0.0,42.0,6.02,2.0,299.0,0x0000000000000000,43.5,42.85,46.0,0,510
2026-09-30T13:53:52,0.5,0.33837890625,114.7,3.6,0.0,41.0,6.1,0.0,377.0,0x0000000000000000,43.5,42.85,46.0,,512
2026-09-30T13:54:03,0.5,0.28564453125,114.7,3.6,0.0,42.0,5.92,3.0,234.0,0x0000000000000000,43.4,42.85,46.0,,512
2026-09-30T13:54:13,0.7,0.2412109375,114.7,3.6,0.0,41.0,6.06,2.0,299.0,0x0000000000000000,43.6,43.85,46.0,0,512
2026-09-30T13:54:23,0.5,0.20361328125,114.7,3.6,0.0,42.0,6.12,2.0,344.0,0x0000000000000000,43.7,42.85,46.0,,512
2026-09-30T13:54:33,0.5,0.171875,114.7,3.6,0.0,41.0,5.98,2.0,299.0,0x0000000000000000,43.7,42.85,46.0,,512
2026-09-30T13:54:43,0.5,0.14501953125,114.7,3.6,0.0,41.0,6.05,2.0,279.0,0x0000000000000000,43.5,43.85,46.0,0,511
2026-09-30T13:54:53,0.7,0.203125,114.7,3.6,0.0,42.0,6.15,2.0,312.0,0x0000000000000000,43.7,42.85,46.0,,512
2026-09-30T13:55:03,0.5,0.17138671875,114.7,3.6,0.0,42.0,6.09,2.0,396.0,0x0000000000000000,43.7,42.85,47.0,,513
2026-09-30T13:55:13,0.6,0.14453125,114.7,3.6,0.0,42.0,6.03,4.0,240.0,0x0000000000000000,43.5,42.85,46.0,0,512
2026-09-30T13:55:23,0.6,0.27685546875,114.7,3.6,0.0,42.0,6.13,2.0,409.0,0x0000000000000000,43.7,42.85,46.0,,510
2026-09-30T13:55:33,0.5,0.23388671875,114.7,3.6,0.0,42.0,6.08,2.0,286.0,0x0000000000000000,43.6,43.85,46.0,,510
2026-09-30T13:55:43,0.5,0.34521484375,114.7,3.6,0.0,41.0,5.96,2.0,286.0,0x0000000000000000,43.4,43.85,46.0,0,508
2026-09-30T13:55:54,0.5,0.29150390625,114.7,3.6,0.0,42.0,6.13,2.0,383.0,0x0000000000000000,43.7,42.85,46.0,,509
2026-09-30T13:56:04,0.6,0.24658203125,114.7,3.6,0.0,41.0,5.95,2.0,357.0,0x0000000000000000,43.7,43.85,46.0,,509
2026-09-30T13:56:14,0.5,0.2080078125,114.7,3.6,0.0,41.0,6.06,2.0,390.0,0x0000000000000000,43.7,42.85,46.0,0,509
2026-09-30T13:56:24,0.5,0.17529296875,114.7,3.6,0.0,41.0,6.04,2.0,305.0,0x0000000000000000,43.7,42.85,46.0,,509
2026-09-30T13:56:34,0.5,0.22216796875,114.7,3.6,0.0,41.0,6.06,0.0,351.0,0x0000000000000000,43.7,43.85,46.0,,511
2026-09-30T13:56:44,0.4,0.1875,114.7,3.6,0.0,42.0,5.99,2.0,279.0,0x0000000000000000,43.7,42.85,46.0,0,511
2026-09-30T13:56:54,0.5,0.158203125,114.7,3.6,0.0,42.0,6.0,2.0,325.0,0x0000000000000000,43.7,42.85,46.0,,511
2026-09-30T13:57:04,0.5,0.21435546875,114.7,3.6,0.0,41.0,5.99,2.0,351.0,0x0000000000000000,43.6,42.85,46.0,,512
2026-09-30T13:57:14,0.5,0.1806640625,114.7,3.6,0.0,41.0,6.0,4.0,305.0,0x0000000000000000,43.7,43.85,46.0,0,512
2026-09-30T13:57:24,0.6,0.15234375,114.7,3.6,0.0,42.0,5.89,3.0,279.0,0x0000000000000000,43.6,43.85,46.0,,510
2026-09-30T13:57:34,0.5,0.12890625,114.7,3.6,0.0,42.0,6.04,2.0,292.0,0x0000000000000000,43.7,42.85,46.0,,512
2026-09-30T13:57:45,0.6,0.1083984375,114.7,3.6,0.0,42.0,6.02,1.0,344.0,0x0000000000000000,43.7,42.85,46.0,0,512
2026-09-30T13:57:55,0.5,0.09130859375,114.7,3.6,0.0,41.0,6.02,2.0,370.0,0x0000000000000000,43.7,42.85,46.0,,512
2026-09-30T13:58:05,0.5,0.0771484375,114.7,3.6,0.0,42.0,6.12,2.0,403.0,0x0000000000000000,43.7,43.85,47.0,,512
2026-09-30T13:58:15,0.5,0.06494140625,114.7,3.6,0.0,42.0,5.98,2.0,338.0,0x0000000000000000,43.7,43.85,46.0,0,512
2026-09-30T13:58:25,0.5,0.12890625,114.7,3.6,0.0,42.0,6.16,3.0,312.0,0x0000000000000000,43.7,42.85,46.0,,512
2026-09-30T13:58:35,0.5,0.1083984375,114.7,3.6,0.0,42.0,6.08,2.0,390.0,0x0000000000000000,43.7,42.85,46.0,,512
2026-09-30T13:58:45,0.5,0.251953125,114.7,3.6,0.0,41.0,5.99,2.0,299.0,0x0000000000000000,43.7,43.85,46.0,0,512
2026-09-30T13:58:55,0.5,0.212890625,114.7,3.6,0.0,42.0,6.16,3.0,338.0,0x0000000000000000,43.7,42.85,46.0,,513
2026-09-30T13:59:05,0.6,0.25390625,114.7,3.6,0.0,42.0,6.05,2.0,422.0,0x0000000000000000,43.7,43.85,46.0,,510
2026-09-30T13:59:15,0.4,0.21435546875,114.7,3.6,0.0,42.0,5.94,3.0,286.0,0x0000000000000000,43.5,43.85,46.0,0,510
2026-09-30T13:59:25,0.5,0.1806640625,114.7,3.6,0.0,41.0,5.99,2.0,292.0,0x0000000000000000,43.7,42.85,46.0,,510
2026-09-30T13:59:36,0.5,0.15234375,114.8,3.6,0.0,41.0,6.15,2.0,364.0,0x0000000000000000,43.6,42.85,46.0,,510
2026-09-30T13:59:46,0.5,0.12890625,114.8,3.6,0.0,41.0,6.09,2.0,325.0,0x0000000000000000,43.7,42.85,46.0,0,510
2026-09-30T13:59:56,0.5,0.1083984375,114.8,3.6,0.0,41.0,5.91,2.0,351.0,0x0000000000000000,43.6,43.85,46.0,,510
2026-09-30T14:00:06,0.5,0.09130859375,114.8,3.6,0.0,41.0,6.04,0.0,351.0,0x0000000000000000,43.7,42.85,46.0,,508
2026-09-30T14:00:16,0.6,0.0771484375,114.7,3.6,0.0,42.0,6.09,2.0,351.0,0x0000000000000000,43.7,42.85,46.0,0,510
2026-09-30T14:00:26,0.5,0.06494140625,114.7,3.6,0.0,42.0,6.14,3.0,383.0,0x0000000000000000,43.7,43.85,46.0,,510
2026-09-30T14:00:36,0.5,0.12890625,114.7,3.6,0.0,42.0,5.98,2.0,357.0,0x0000000000000000,43.7,43.85,46.0,,512
2026-09-30T14:00:46,0.6,0.34326171875,114.7,3.6,0.0,41.0,6.01,3.0,325.0,0x0000000000000000,43.7,42.85,46.0,0,511
2026-09-30T14:00:56,0.6,0.2900390625,114.7,3.6,0.0,42.0,6.01,2.0,351.0,0x0000000000000000,43.7,42.85,47.0,,514
2026-09-30T14:01:06,0.5,0.2451171875,114.7,3.6,0.0,41.0,5.85,2.0,299.0,0x0000000000000000,43.6,43.85,46.0,,512
2026-09-30T14:01:16,0.6,0.20703125,114.7,3.6,0.0,41.0,5.93,2.0,305.0,0x0000000000000000,43.7,42.85,46.0,0,518
2026-09-30T14:01:26,0.5,0.1748046875,114.7,3.6,0.0,42.0,5.34,0.0,208.0,0x0000000000000000,43.6,43.85,46.0,,518
2026-09-30T14:01:37,0.1,0.1474609375,114.7,3.6,0.0,41.0,5.3,0.0,208.0,0x0000000000000000,43.0,43.85,47.0,,518
2026-09-30T14:01:47,0.1,0.1240234375,114.7,3.6,0.0,41.0,5.32,0.0,201.0,0x0000000000000000,42.8,42.85,46.0,0,516
2026-09-30T14:01:57,0.2,0.1044921875,114.7,3.6,0.0,41.0,5.3,0.0,208.0,0x0000000000000004,42.8,42.85,46.0,,515
2026-09-30T14:02:07,0.1,0.087890625,114.7,3.6,0.0,41.0,5.28,0.0,208.0,0x0000000000000000,42.8,43.85,46.0,,516
2026-09-30T14:02:17,0.2,0.07373046875,114.7,3.6,0.0,41.0,5.3,0.0,208.0,0x0000000000000000,42.8,42.85,46.0,0,514
2026-09-30T14:02:27,0.1,0.0615234375,114.7,3.6,0.0,41.0,5.29,0.0,208.0,0x0000000000000000,42.8,42.85,46.0,,515
2026-09-30T14:02:37,0.2,0.05126953125,114.7,3.6,0.0,41.0,5.38,0.0,208.0,0x0000000000000000,42.8,42.85,46.0,,515
2026-09-30T14:02:47,0.1,0.04296875,114.7,3.6,0.0,41.0,5.29,0.0,208.0,0x0000000000000004,42.8,43.85,46.0,0,515
2026-09-30T14:02:57,0.1,0.1162109375,114.7,3.6,0.0,41.0,5.3,0.0,208.0,0x0000000000000000,42.8,43.85,46.0,,515
2026-09-30T14:03:07,0.1,0.25244140625,114.7,3.6,0.0,41.0,5.37,0.0,208.0,0x0000000000000000,42.8,42.85,46.0,,515
2026-09-30T14:03:17,0.4,0.4921875,114.7,3.6,0.0,41.0,5.99,4.0,351.0,0x0000000000000000,43.0,42.85,46.0,0,513
2026-09-30T14:03:28,0.6,0.416015625,114.7,3.6,0.0,41.0,5.98,2.0,331.0,0x0000000000000000,43.4,43.85,46.0,,513
2026-09-30T14:03:38,0.5,0.3515625,114.7,3.6,0.0,41.0,6.02,2.0,422.0,0x0000000000000000,43.5,43.85,46.0,,516
2026-09-30T14:03:48,0.7,0.296875,114.7,3.6,0.0,41.0,6.07,2.0,370.0,0x0000000000000000,43.5,43.85,46.0,0,518
2026-09-30T14:03:58,0.6,0.2509765625,114.7,3.6,0.0,41.0,5.99,0.0,318.0,0x0000000000000000,43.6,43.85,46.0,,518
2026-09-30T14:04:08,0.5,0.2119140625,114.7,3.6,0.0,41.0,6.13,2.0,351.0,0x0000000000000000,43.6,42.85,46.0,,518
2026-09-30T14:04:18,0.6,0.17919921875,114.7,3.6,0.0,41.0,6.09,0.0,240.0,0x0000000000000000,43.4,42.85,46.0,0,516
2026-09-30T14:04:28,0.5,0.1513671875,114.7,3.6,0.0,41.0,5.94,2.0,370.0,0x0000000000000000,43.5,42.85,46.0,,516
2026-09-30T14:04:38,0.4,0.1279296875,114.7,3.6,0.0,42.0,5.33,0.0,208.0,0x0000000000000000,43.2,42.85,46.0,,516
2026-09-30T14:04:48,0.1,0.10791015625,114.7,3.6,0.0,41.0,5.28,0.0,208.0,0x0000000000000000,42.8,42.85,46.0,0,517
2026-09-30T14:04:58,0.1,0.0908203125,114.7,3.6,0.0,41.0,5.28,0.0,208.0,0x0000000000000004,42.8,42.85,46.0,,517
2026-09-30T14:05:08,0.1,0.07666015625,114.7,3.6,0.0,41.0,5.36,0.0,208.0,0x0000000000000000,42.8,42.85,46.0,,517
2026-09-30T14:05:19,0.2,0.064453125,114.7,3.6,0.0,41.0,5.91,1.0,409.0,0x0000000000000000,42.8,42.85,46.0,0,517
2026-09-30T14:05:29,0.5,0.12841796875,114.7,3.6,0.0,41.0,6.08,2.0,357.0,0x0000000000000000,43.1,42.85,46.0,,517
2026-09-30T14:05:39,0.6,0.10791015625,114.7,3.6,0.0,41.0,6.12,2.0,338.0,0x0000000000000000,43.4,42.85,46.0,,514
2026-09-30T14:05:49,0.6,0.0908203125,114.7,3.6,0.0,41.0,5.92,2.0,403.0,0x0000000000000000,43.3,43.85,46.0,0,514
2026-09-30T14:05:59,0.5,0.07666015625,114.7,3.6,0.0,41.0,5.97,2.0,286.0,0x0000000000000000,43.5,42.85,46.0,,515
2026-09-30T14:06:09,0.5,0.064453125,114.7,3.6,0.0,41.0,6.0,1.0,370.0,0x0000000000000000,43.5,42.85,46.0,,513
2026-09-30T14:06:19,0.6,0.05419921875,114.7,3.6,0.0,42.0,6.05,2.0,344.0,0x0000000000000000,43.5,42.85,46.0,0,508
2026-09-30T14:06:29,0.6,0.11962890625,114.7,3.6,0.0,41.0,6.01,2.0,292.0,0x0000000000000000,43.6,42.85,46.0,,509
2026-09-30T14:06:39,0.6,0.1748046875,114.7,3.6,0.0,42.0,6.05,2.0,299.0,0x0000000000000000,43.7,43.85,46.0,,509
2026-09-30T14:06:49,0.5,0.1474609375,114.7,3.6,0.0,42.0,6.15,2.0,344.0,0x0000000000000000,43.7,42.85,46.0,0,509
2026-09-30T14:06:59,0.6,0.1240234375,114.7,3.6,0.0,42.0,6.06,2.0,403.0,0x0000000000000000,43.7,42.85,46.0,,509
2026-09-30T14:07:09,0.5,0.1044921875,114.7,3.6,0.0,42.0,6.04,2.0,396.0,0x0000000000000000,43.7,42.85,46.0,,509
2026-09-30T14:07:20,0.5,0.087890625,114.7,3.6,0.0,42.0,6.07,0.0,331.0,0x0000000000000000,43.7,42.85,46.0,0,508
2026-09-30T14:07:30,0.5,0.07373046875,114.7,3.6,0.0,42.0,5.98,0.0,292.0,0x0000000000000000,43.7,42.85,46.0,,510
2026-09-30T14:07:40,0.6,0.0615234375,114.7,3.6,0.0,41.0,5.86,2.0,312.0,0x0000000000000000,43.6,42.85,46.0,,508
2026-09-30T14:07:50,0.6,0.05126953125,114.7,3.6,0.0,42.0,6.0,2.0,351.0,0x0000000000000000,43.7,43.85,46.0,0,511
2026-09-30T14:08:00,0.5,0.04296875,114.7,3.6,0.0,42.0,5.92,0.0,286.0,0x0000000000000000,43.6,42.85,46.0,,510
2026-09-30T14:08:10,0.5,0.18359375,114.7,3.6,0.0,41.0,5.98,1.0,344.0,0x0000000000000000,43.7,43.85,46.0,,512
2026-09-30T14:08:20,0.5,0.2353515625,114.7,3.6,0.0,42.0,6.11,2.0,305.0,0x0000000000000000,43.7,42.85,46.0,0,511
2026-09-30T14:08:30,0.5,0.19873046875,114.7,3.6,0.0,42.0,5.98,2.0,338.0,0x0000000000000000,43.6,42.85,46.0,,512
2026-09-30T14:08:40,0.5,0.3154296875,114.7,3.6,0.0,42.0,6.16,0.0,357.0,0x0000000000000000,43.7,42.85,46.0,,512
2026-09-30T14:08:50,0.5,0.2666015625,114.7,3.6,0.0,42.0,6.12,4.0,377.0,0x0000000000000000,43.7,42.85,46.0,0,509
2026-09-30T14:09:00,0.5,0.22509765625,114.7,3.6,0.0,41.0,6.02,2.0,383.0,0x0000000000000000,43.7,43.85,46.0,,509
2026-09-30T14:09:11,0.5,0.1904296875,114.7,3.6,0.0,42.0,6.03,3.0,357.0,0x0000000000000000,43.6,43.85,46.0,,509
2026-09-30T14:09:21,0.6,0.16064453125,114.7,3.6,0.0,42.0,5.91,3.0,305.0,0x0000000000000000,43.7,42.85,46.0,0,508
2026-09-30T14:09:31,0.5,0.2158203125,114.7,3.6,0.0,42.0,6.03,2.0,299.0,0x0000000000000000,43.7,42.85,46.0,,508
2026-09-30T14:09:41,0.6,0.25634765625,114.7,3.6,0.0,42.0,6.08,4.0,292.0,0x0000000000000000,43.7,43.85,46.0,,510
2026-09-30T14:09:51,0.5,0.21630859375,114.7,3.6,0.0,42.0,6.05,0.0,416.0,0x0000000000000000,43.7,43.85,46.0,0,511
2026-09-30T14:10:01,0.5,0.1826171875,114.7,3.6,0.0,42.0,6.13,2.0,357.0,0x0000000000000000,43.7,42.85,46.0,,510
2026-09-30T14:10:11,0.5,0.23486328125,114.7,3.6,0.0,42.0,6.03,2.0,422.0,0x0000000000000000,43.7,43.85,46.0,,510
2026-09-30T14:10:21,0.5,0.1982421875,114.7,3.6,0.0,42.0,6.13,2.0,299.0,0x0000000000000000,43.7,43.85,46.0,0,511
2026-09-30T14:10:31,0.5,0.2412109375,114.7,3.6,0.0,42.0,6.05,2.0,364.0,0x0000000000000000,43.7,43.85,46.0,,512
2026-09-30T14:10:41,0.5,0.20361328125,114.7,3.6,0.0,42.0,6.14,2.0,364.0,0x0000000000000000,43.7,43.85,46.0,,512
2026-09-30T14:10:51,0.5,0.24609375,114.7,3.6,0.0,42.0,6.06,2.0,370.0,0x0000000000000000,43.7,43.85,46.0,0,512
2026-09-30T14:11:01,0.5,0.20751953125,114.7,3.6,0.0,42.0,6.0,2.0,299.0,0x0000000000000000,43.7,43.85,46.0,,511
2026-09-30T14:11:12,0.5,0.2490234375,114.7,3.6,0.0,42.0,6.13,4.0,305.0,0x0000000000000000,43.7,42.85,46.0,,511
2026-09-30T14:11:22,2.2,0.28466796875,114.6,3.8,0.0,42.0,6.05,2.0,286.0,0x0000000000000000,43.8,42.85,46.0,0,509
2026-09-30T14:11:32,0.5,0.4013671875,114.6,3.8,0.0,42.0,6.03,2.0,351.0,0x0000000000000000,43.7,42.85,46.0,,509
2026-09-30T14:11:42,0.6,0.33935546875,114.7,3.8,0.0,42.0,6.1,2.0,331.0,0x0000000000000000,43.7,43.85,46.0,,507
2026-09-30T14:11:52,0.5,0.28662109375,114.7,3.8,0.0,42.0,5.92,2.0,377.0,0x0000000000000000,43.7,42.85,46.0,0,509
2026-09-30T14:12:02,0.4,0.31591796875,114.7,3.8,0.0,41.0,5.3,0.0,208.0,0x0000000000000000,43.4,43.85,46.0,,509
2026-09-30T14:12:12,0.1,0.26708984375,114.7,3.8,0.0,41.0,5.3,0.0,208.0,0x0000000000000000,43.1,43.85,46.0,,509
2026-09-30T14:12:22,0.1,0.2255859375,114.7,3.8,0.0,41.0,5.31,0.0,208.0,0x0000000000000000,42.8,42.85,46.0,0,509
2026-09-30T14:12:32,0.1,0.1904296875,114.7,3.8,0.0,41.0,5.36,0.0,208.0,0x0000000000000000,42.8,43.85,46.0,,509
2026-09-30T14:12:42,0.1,0.16064453125,114.7,3.8,0.0,41.0,5.3,0.0,208.0,0x0000000000000004,42.8,43.85,46.0,,509
2026-09-30T14:12:52,0.1,0.20947265625,114.7,3.8,0.0,41.0,5.3,0.0,208.0,0x0000000000000000,42.8,43.85,46.0,0,510
2026-09-30T14:13:03,0.2,0.39111328125,114.7,3.8,0.0,41.0,5.35,0.0,208.0,0x0000000000000000,42.8,42.85,46.0,,510
2026-09-30T14:13:13,0.1,0.33056640625,114.7,3.8,0.0,41.0,5.29,0.0,208.0,0x0000000000000000,42.8,43.85,46.0,,508
2026-09-30T14:13:23,0.1,0.279296875,114.7,3.8,0.0,41.0,5.36,0.0,208.0,0x0000000000000000,42.8,43.85,46.0,0,511
2026-09-30T14:13:33,0.2,0.23583984375,114.7,3.8,0.0,41.0,5.3,0.0,208.0,0x0000000000000000,42.8,43.85,46.0,,511
2026-09-30T14:13:43,0.1,0.34716796875,114.7,3.8,0.0,41.0,5.32,1.0,208.0,0x0000000000000000,42.8,43.85,46.0,,513
2026-09-30T14:13:53,0.1,0.29345703125,114.7,3.8,0.0,41.0,5.29,0.0,208.0,0x0000000000000000,42.8,42.85,46.0,0,513
2026-09-30T14:14:03,0.1,0.24755859375,114.7,3.8,0.0,41.0,5.28,0.0,208.0,0x0000000000000004,42.8,42.85,46.0,,513
2026-09-30T14:14:13,0.1,0.208984375,114.7,3.8,0.0,41.0,5.36,0.0,208.0,0x0000000000000000,42.8,42.85,46.0,,513
2026-09-30T14:14:23,0.1,0.17626953125,114.7,3.8,0.0,41.0,5.3,0.0,208.0,0x0000000000000000,42.8,43.85,46.0,0,513
2026-09-30T14:14:33,0.1,0.14892578125,114.7,3.8,0.0,41.0,5.31,0.0,208.0,0x0000000000000000,42.8,42.85,46.0,,513
2026-09-30T14:14:43,0.1,0.12548828125,114.7,3.8,0.0,41.0,5.29,0.0,208.0,0x0000000000000000,42.8,42.85,46.0,,513
2026-09-30T14:14:54,0.1,0.10595703125,114.7,3.8,0.0,41.0,5.29,0.0,208.0,0x0000000000000004,42.8,42.85,46.0,0,511
2026-09-30T14:15:04,0.1,0.08935546875,114.7,3.8,0.0,41.0,5.36,0.0,208.0,0x0000000000000000,42.8,43.85,46.0,,511
2026-09-30T14:15:14,0.1,0.0751953125,114.7,3.8,0.0,41.0,5.27,0.0,208.0,0x0000000000000004,42.8,43.85,46.0,,510
2026-09-30T14:15:24,0.1,0.06298828125,114.7,3.8,0.0,41.0,5.33,0.0,214.0,0x0000000000000000,42.8,42.85,46.0,0,509
2026-09-30T14:15:34,0.1,0.052734375,114.7,3.8,0.0,41.0,5.28,0.0,208.0,0x0000000000000004,42.8,42.85,46.0,,509
2026-09-30T14:15:44,0.1,0.04443359375,114.7,3.8,0.0,41.0,5.28,0.0,208.0,0x0000000000000000,42.8,42.85,45.0,,510
2026-09-30T14:15:54,0.1,0.037109375,114.7,3.8,0.0,41.0,5.34,0.0,208.0,0x0000000000000000,42.8,42.85,46.0,0,510
2026-09-30T14:16:04,0.2,0.03076171875,114.7,3.8,0.0,41.0,5.3,0.0,208.0,0x0000000000000000,42.8,42.85,46.0,,511
2026-09-30T14:16:14,0.1,0.099609375,114.7,3.8,0.0,41.0,5.36,0.0,208.0,0x0000000000000000,42.8,42.85,46.0,,511
2026-09-30T14:16:24,0.1,0.083984375,114.7,3.8,0.0,41.0,5.3,0.0,208.0,0x0000000000000004,42.8,42.85,46.0,0,511
2026-09-30T14:16:34,0.1,0.07080078125,114.7,3.8,0.0,41.0,5.28,0.0,208.0,0x0000000000000000,42.8,42.85,46.0,,512
2026-09-30T14:16:45,0.1,0.0595703125,114.7,3.8,0.0,41.0,5.37,0.0,208.0,0x0000000000000000,42.8,42.85,46.0,,513
2026-09-30T14:16:55,0.2,0.05029296875,114.7,3.8,0.0,41.0,5.29,0.0,208.0,0x0000000000000000,42.8,42.85,46.0,0,513
2026-09-30T14:17:05,0.2,0.0419921875,114.7,3.8,0.0,41.0,5.36,0.0,208.0,0x0000000000000000,42.8,42.85,46.0,,512
2026-09-30T14:17:15,0.1,0.109375,114.7,3.8,0.0,41.0,5.3,0.0,208.0,0x0000000000000004,42.8,42.85,46.0,,513
2026-09-30T14:17:25,0.1,0.09228515625,114.7,3.8,0.0,41.0,5.3,0.0,208.0,0x0000000000000000,42.8,42.85,46.0,0,513
2026-09-30T14:17:35,0.1,0.07763671875,114.7,3.8,0.0,41.0,5.3,0.0,208.0,0x0000000000000000,42.8,42.85,45.0,,512
2026-09-30T14:17:45,0.1,0.0654296875,114.7,3.8,0.0,41.0,5.29,0.0,208.0,0x0000000000000004,42.8,42.85,46.0,,512
2026-09-30T14:17:55,0.1,0.1357421875,114.7,3.8,0.0,41.0,5.36,0.0,208.0,0x0000000000000000,42.8,42.85,46.0,0,512
2026-09-30T14:18:05,0.1,0.1142578125,114.7,3.8,0.0,41.0,5.29,0.0,208.0,0x0000000000000004,42.8,42.85,46.0,,512
2026-09-30T14:18:15,0.1,0.09619140625,114.7,3.8,0.0,41.0,5.31,0.0,208.0,0x0000000000000000,42.8,42.85,46.0,,511
2026-09-30T14:18:25,0.1,0.0810546875,114.7,3.8,0.0,41.0,5.28,0.0,208.0,0x0000000000000000,42.8,42.85,46.0,0,511
2026-09-30T14:18:36,0.1,0.06787109375,114.7,3.8,0.0,41.0,5.27,0.0,208.0,0x0000000000000004,42.8,42.85,46.0,,511
2026-09-30T14:18:46,0.1,0.056640625,114.7,3.8,0.0,41.0,5.34,0.0,208.0,0x0000000000000000,42.8,42.85,45.0,,506
2026-09-30T14:18:56,0.3,0.04736328125,114.7,3.8,0.0,41.0,5.92,1.0,390.0,0x0000000000000000,42.8,42.85,46.0,0,506
2026-09-30T14:19:06,0.6,0.03955078125,114.7,3.8,0.0,41.0,6.07,1.0,351.0,0x0000000000000000,42.8,42.85,46.0,,509
2026-09-30T14:19:16,0.7,0.033203125,114.7,3.8,0.0,41.0,6.04,2.0,318.0,0x0000000000000000,43.2,42.85,46.0,,508
2026-09-30T14:19:26,0.5,0.1015625,114.7,3.8,0.0,41.0,6.09,2.0,325.0,0x0000000000000000,43.3,42.85,46.0,0,509
2026-09-30T14:19:36,0.5,0.166015625,114.7,3.8,0.0,41.0,5.82,2.0,318.0,0x0000000000000000,43.5,42.85,46.0,,509
2026-09-30T14:19:46,1.2,0.14013671875,114.6,4.0,0.0,41.0,5.95,2.0,312.0,0x0000000000000000,43.7,42.85,46.0,,517
2026-09-30T14:19:56,1.8,0.1923828125,114.5,5.1,0.0,42.0,6.07,0.0,286.0,0x0000000000000000,45.7,42.85,46.0,0,518
2026-09-30T14:20:06,1.7,0.4033203125,114.3,5.9,0.0,42.0,5.93,2.0,364.0,0x0000000000000000,43.8,42.85,46.0,,512
2026-09-30T14:20:16,2.4,0.42138671875,114.3,5.9,0.0,43.0,11.26,0.0,2476.0,0x0000000000000000,45.5,42.85,47.0,,519
2026-09-30T14:20:26,1.7,0.4365234375,114.3,7.0,0.0,42.0,6.26,2.0,318.0,0x0000000000000000,46.5,43.85,47.0,0,519
2026-09-30T14:20:37,1.7,0.44287109375,114.3,8.1,0.0,43.0,6.14,2.0,344.0,0x0000000000000000,46.6,42.85,47.0,,519
2026-09-30T14:20:47,1.8,0.455078125,114.3,9.2,0.0,43.0,6.15,2.0,292.0,0x0000000000000000,46.8,43.85,47.0,,520
2026-09-30T14:20:57,2.2,0.384765625,114.4,10.4,0.0,43.0,6.09,2.0,364.0,0x0000000000000000,47.1,43.85,48.0,0,519
2026-09-30T14:21:07,1.7,0.3251953125,114.4,11.5,0.0,43.0,6.16,1.0,338.0,0x0000000000000000,46.1,43.85,48.0,,519
2026-09-30T14:21:17,2.0,0.2744140625,114.5,11.5,0.0,43.0,6.06,2.0,383.0,0x0000000000000000,44.8,43.85,48.0,,515
2026-09-30T14:21:27,0.8,0.31201171875,114.5,11.5,0.0,43.0,6.05,0.0,305.0,0x0000000000000000,44.8,43.85,47.0,0,518
2026-09-30T14:21:37,0.6,0.26318359375,114.6,11.5,0.0,42.0,5.83,2.0,292.0,0x0000000000000000,44.7,43.85,47.0,,517
2026-09-30T14:21:47,2.5,0.302734375,114.6,11.5,0.0,42.0,5.85,2.0,266.0,0x0000000000000000,44.7,43.85,47.0,,518
2026-09-30T14:21:57,3.4,0.330078125,114.4,11.7,0.0,43.0,5.94,2.0,331.0,0x0000000000000000,45.5,45.85,48.0,2,541
2026-09-30T14:22:07,2.8,0.42626953125,114.5,11.7,0.0,43.0,6.11,2.0,344.0,0x0000000000000000,44.7,43.85,47.0,,537
2026-09-30T14:22:17,1.7,0.3603515625,114.5,11.7,0.0,43.0,5.97,3.0,286.0,0x0000000000000000,44.7,43.85,47.0,,524
2026-09-30T14:22:27,3.3,0.46484375,114.4,11.8,0.0,43.0,6.02,2.0,318.0,0x0000000000000000,47.5,44.85,47.0,2,540
2026-09-30T14:22:37,2.8,0.392578125,114.1,12.2,0.0,43.0,5.86,2.0,292.0,0x0000000000000000,45.5,44.85,48.0,,541
2026-09-30T14:22:48,4.5,0.7138671875,114.2,12.4,0.0,43.0,6.02,2.0,325.0,0x0000000000000000,52.2,44.85,48.0,,541
2026-09-30T14:22:58,5.6,1.072265625,106.8,12.9,0.0,45.0,12.28,0.0,2411.0,0x0000000000000000,65.7,44.85,48.0,2,547
2026-09-30T14:23:08,4.5,1.35205078125,114.2,12.5,0.0,44.0,7.68,0.0,260.0,0x0000000000000000,52.8,44.85,49.0,,543
2026-09-30T14:23:18,2.7,1.37158203125,105.0,12.9,0.0,45.0,12.31,0.0,2411.0,0x0000000000000000,62.4,44.85,49.0,,546
2026-09-30T14:23:28,5.4,1.31396484375,104.9,12.9,0.0,46.0,12.33,0.0,2411.0,0x0000000000000000,65.7,44.85,49.0,2,547
2026-09-30T14:23:38,1.6,1.19140625,104.9,12.9,0.0,46.0,12.34,0.0,2411.0,0x0000000000000000,47.8,44.85,49.0,,547
2026-09-30T14:23:48,2.9,1.087890625,105.0,12.9,0.0,48.0,12.61,0.0,2411.0,0x0000000000000000,67.0,44.85,50.0,,546
2026-09-30T14:23:58,24.1,3.115234375,105.0,12.9,0.0,58.0,47.5,93.0,2470.0,0x0000000000000000,68.2,44.85,53.0,2,547
2026-09-30T14:24:08,22.9,2.78955078125,105.1,12.9,0.0,53.0,13.3,0.0,2405.0,0x0000000000000000,71.4,45.85,56.0,,540
2026-09-30T14:24:18,1.3,2.60107421875,105.2,12.3,0.0,51.0,12.83,0.0,2411.0,0x0000000000000000,54.8,46.85,55.0,,538
2026-09-30T14:24:28,4.6,2.3544921875,104.9,12.9,0.0,50.0,12.77,0.0,2411.0,0x0000000000000000,54.4,46.85,54.0,2,543
2026-09-30T14:24:38,4.4,2.1455078125,104.3,12.9,0.0,62.0,41.44,96.0,2463.0,0x0000000000000000,60.2,46.85,54.0,,545
2026-09-30T14:24:49,26.5,1.96923828125,104.4,12.9,0.0,62.0,51.12,94.0,2502.0,0x0000000000000000,72.5,46.85,57.0,,543
2026-09-30T14:24:59,3.6,1.666015625,104.6,12.9,0.0,53.0,13.14,0.0,2411.0,0x0000000000000000,55.8,46.85,56.0,2,540
2026-09-30T14:25:09,3.7,1.56298828125,104.4,12.4,0.0,52.0,13.07,0.0,2411.0,0x0000000000000000,56.8,49.85,55.0,,547
2026-09-30T14:25:19,4.7,1.39599609375,104.3,12.9,0.0,51.0,12.79,0.0,2411.0,0x0000000000000000,55.3,48.85,55.0,,545
2026-09-30T14:25:29,18.4,1.49560546875,103.9,12.9,0.0,61.0,49.24,92.0,2470.0,0x0000000000000000,71.3,48.85,57.0,2,548
2026-09-30T14:25:39,13.1,1.3388671875,104.0,12.9,0.0,54.0,13.5,0.0,2405.0,0x0000000000000000,57.8,48.85,58.0,,543
2026-09-30T14:25:49,1.7,1.1328125,104.1,12.3,0.0,53.0,13.21,0.0,2411.0,0x0000000000000000,55.8,49.85,57.0,,588
2026-09-30T14:25:59,3.5,0.95849609375,103.8,12.8,0.0,52.0,13.35,2.0,2418.0,0x0000000000000000,54.8,49.85,56.0,2,547
2026-09-30T14:26:09,5.1,0.96533203125,103.9,12.9,0.0,52.0,13.43,1.0,2424.0,0x0000000000000000,67.0,49.85,56.0,,549
2026-09-30T14:26:19,22.5,1.04443359375,103.3,12.9,0.0,62.0,50.86,93.0,2476.0,0x0000000000000000,73.7,49.85,58.0,,550
2026-09-30T14:26:29,23.6,1.27783203125,103.5,12.9,0.0,58.0,13.94,0.0,2405.0,0x0000000000000000,64.7,49.85,61.0,2,550
2026-09-30T14:26:40,1.4,1.228515625,103.6,12.9,0.0,55.0,13.62,0.0,2405.0,0x0000000000000000,57.9,50.85,59.0,,545
2026-09-30T14:26:50,3.2,1.19287109375,103.5,12.4,0.0,54.0,13.47,0.0,2405.0,0x0000000000000000,58.0,51.85,58.0,,548
2026-09-30T14:27:00,3.1,1.08935546875,103.4,12.9,0.0,53.0,13.4,0.0,2405.0,0x0000000000000000,60.3,50.85,57.0,2,547
2026-09-30T14:27:10,4.3,1.1494140625,102.8,12.9,0.0,66.0,79.16,96.0,2450.0,0x0000000000000000,66.7,50.85,57.0,,550
2026-09-30T14:27:20,27.7,2.52587890625,102.8,12.9,0.0,61.0,49.24,66.0,2483.0,0x0000000000000000,76.4,51.85,60.0,,550
2026-09-30T14:27:30,16.7,2.2841796875,103.0,12.9,0.0,58.0,13.87,0.0,2405.0,0x0000000000000000,61.0,51.85,62.0,2,542
2026-09-30T14:27:40,1.8,2.16650390625,103.0,12.3,0.0,55.0,13.63,0.0,2405.0,0x0000000000000000,59.3,52.85,60.0,,583
2026-09-30T14:27:50,3.9,1.90673828125,102.9,12.9,0.0,55.0,13.49,0.0,2405.0,0x0000000000000000,59.2,53.85,59.0,,543
2026-09-30T14:28:00,4.2,1.76708984375,102.7,12.9,0.0,54.0,13.44,0.0,2405.0,0x0000000000000000,63.7,51.85,58.0,2,546
2026-09-30T14:28:10,5.1,1.64892578125,103.0,12.9,0.0,53.0,13.4,0.0,2405.0,0x0000000000000000,56.6,52.85,58.0,,543
2026-09-30T14:28:20,3.4,1.86328125,102.9,12.4,0.0,53.0,13.22,0.0,2411.0,0x0000000000000000,58.8,53.85,57.0,,548
2026-09-30T14:28:30,4.8,1.65625,102.7,12.9,0.0,53.0,13.17,0.0,2411.0,0x0000000000000000,55.7,52.85,57.0,2,545
2026-09-30T14:28:41,14.6,2.36279296875,102.5,12.9,0.0,56.0,13.69,0.0,2405.0,0x0000000000000000,67.1,53.85,59.0,,545
2026-09-30T14:28:51,1.5,2.07275390625,102.5,12.9,0.0,54.0,13.42,0.0,2405.0,0x0000000000000000,56.8,52.85,58.0,,543
2026-09-30T14:29:01,4.1,1.75390625,102.3,12.5,0.0,53.0,13.35,0.0,2405.0,0x0000000000000000,56.6,53.85,57.0,2,550
2026-09-30T14:29:11,3.7,1.56396484375,102.2,12.9,0.0,53.0,13.2,0.0,2411.0,0x0000000000000000,72.0,52.85,57.0,,551
2026-09-30T14:29:21,9.2,1.4033203125,101.8,12.9,0.0,61.0,47.75,93.0,2496.0,0x0000000000000000,71.0,52.85,58.0,,551
2026-09-30T14:29:31,6.2,1.3349609375,102.0,12.9,0.0,54.0,13.47,0.0,2405.0,0x0000000000000000,56.9,52.85,59.0,2,547
2026-09-30T14:29:41,3.3,1.12939453125,101.9,12.4,0.0,53.0,13.34,0.0,2405.0,0x0000000000000000,58.0,54.85,58.0,,552
2026-09-30T14:29:51,3.6,1.10888671875,101.8,12.9,0.0,53.0,13.28,0.0,2405.0,0x0000000000000000,66.1,53.85,57.0,,550
2026-09-30T14:30:01,9.6,1.091796875,101.8,12.9,0.0,60.0,50.46,92.0,2496.0,0x0000000000000000,70.4,52.85,57.0,2,552
2026-09-30T14:30:11,25.8,3.59228515625,102.0,12.9,0.0,57.0,13.87,0.0,2405.0,0x0000000000000000,74.6,52.85,61.0,,548
2026-09-30T14:30:21,1.4,3.11279296875,102.1,12.9,0.0,55.0,13.56,0.0,2405.0,0x0000000000000000,58.0,52.85,60.0,,546
2026-09-30T14:30:31,1.7,2.70751953125,102.1,12.3,0.0,54.0,13.48,0.0,2405.0,0x0000000000000000,56.8,53.85,58.0,1,587
2026-09-30T14:30:42,4.3,3.572265625,101.8,12.9,0.0,53.0,13.4,0.0,2405.0,0x0000000000000000,56.9,54.85,57.0,,549
2026-09-30T14:30:52,4.3,3.09619140625,101.2,12.9,0.0,65.0,45.63,96.0,2450.0,0x0000000000000000,64.4,52.85,57.0,,549
2026-09-30T14:31:02,12.8,2.93408203125,101.4,12.9,0.0,55.0,13.6,0.0,2405.0,0x0000000000000000,58.2,53.85,59.0,2,545
2026-09-30T14:31:12,1.7,2.482421875,101.5,12.3,0.0,54.0,13.48,0.0,2405.0,0x0000000000000000,56.8,53.85,58.0,,582
2026-09-30T14:31:22,3.7,2.40185546875,101.3,12.9,0.0,53.0,13.36,0.0,2405.0,0x0000000000000000,56.2,54.85,57.0,,545
2026-09-30T14:31:32,4.4,2.10595703125,101.3,12.9,0.0,53.0,13.32,0.0,2405.0,0x0000000000000000,61.1,53.85,57.0,2,549
2026-09-30T14:31:42,23.0,2.73681640625,100.8,12.9,0.0,58.0,35.29,94.0,2405.0,0x0000000000000000,74.9,53.85,61.0,,548
2026-09-30T14:31:52,3.0,2.537109375,101.0,12.9,0.0,55.0,13.64,0.0,2405.0,0x0000000000000000,58.6,53.85,60.0,,546
2026-09-30T14:32:02,1.7,2.146484375,101.0,12.3,0.0,54.0,13.55,0.0,2405.0,0x0000000000000000,57.1,53.85,58.0,1,582
2026-09-30T14:32:12,5.6,2.857421875,100.7,12.9,0.0,54.0,13.47,0.0,2405.0,0x0000000000000000,70.8,53.85,58.0,,548
2026-09-30T14:32:22,6.8,2.5712890625,100.2,12.9,0.0,62.0,54.48,95.0,2489.0,0x0000000000000000,72.0,53.85,59.0,,549
2026-09-30T14:32:32,8.4,2.40283203125,100.5,12.9,0.0,55.0,13.58,0.0,2405.0,0x0000000000000000,57.8,53.85,59.0,2,546
2026-09-30T14:32:42,3.2,2.03271484375,100.4,12.4,0.0,54.0,13.44,0.0,2405.0,0x0000000000000000,58.1,53.85,58.0,,554
2026-09-30T14:32:53,3.5,1.7197265625,100.2,12.9,0.0,53.0,13.42,0.0,2405.0,0x0000000000000000,69.1,53.85,58.0,,550
2026-09-30T14:33:03,7.8,1.75634765625,100.2,12.9,0.0,61.0,47.81,92.0,2489.0,0x0000000000000000,68.9,53.85,58.0,2,551
2026-09-30T14:33:13,32.0,4.453125,99.5,13.2,0.0,65.0,50.48,95.0,2483.0,0x0000000000000000,79.6,55.85,61.0,,563
2026-09-30T14:33:23,14.2,3.841796875,99.7,13.3,0.0,58.0,13.86,0.0,2405.0,0x0000000000000000,63.6,53.85,62.0,,561
2026-09-30T14:33:33,1.6,3.33056640625,99.9,12.6,0.0,55.0,13.59,0.0,2405.0,0x0000000000000000,59.7,55.85,60.0,0,556
2026-09-30T14:33:43,4.2,2.89794921875,99.6,13.2,0.0,55.0,13.93,0.0,2405.0,0x0000000000000000,58.0,56.85,59.0,,558
2026-09-30T14:33:53,4.8,2.60546875,99.7,13.3,0.0,54.0,13.58,0.0,2405.0,0x0000000000000000,68.8,54.85,59.0,,562
2026-09-30T14:34:03,23.0,2.59228515625,99.1,13.3,0.0,65.0,51.43,94.0,2483.0,0x0000000000000000,77.8,54.85,61.0,2,559
2026-09-30T14:34:13,20.4,3.07763671875,99.1,13.3,0.0,60.0,14.33,0.0,2405.0,0x0000000000000000,63.5,54.85,63.0,,559
2026-09-30T14:34:23,23.4,4.478515625,99.2,13.3,0.0,68.0,51.56,92.0,2483.0,0x0000000000000000,81.3,54.85,64.0,,558
2026-09-30T14:34:34,15.6,3.86962890625,99.2,13.3,0.0,67.0,51.73,93.0,2483.0,0x0000000000000000,79.8,54.85,64.0,2,559
2026-09-30T14:34:44,20.6,4.82177734375,99.1,13.3,0.0,61.0,14.45,0.0,2405.0,0x0000000000000000,65.6,55.85,65.0,,559
2026-09-30T14:34:54,5.6,4.375,99.3,13.3,0.0,59.0,14.09,0.0,2405.0,0x0000000000000000,62.1,55.85,63.0,,555
2026-09-30T14:35:04,2.7,3.78173828125,99.3,12.6,0.0,57.0,13.84,0.0,2405.0,0x0000000000000000,65.1,56.85,61.0,2,601
2026-09-30T14:35:14,5.7,3.353515625,98.9,13.3,0.0,56.0,13.73,0.0,2405.0,0x0000000000000000,74.4,56.85,61.0,,557
2026-09-30T14:35:24,11.3,4.67333984375,98.4,13.3,0.0,65.0,51.36,95.0,2483.0,0x0000000000000000,76.6,56.85,62.0,,560
2026-09-30T14:35:34,3.3,4.0341796875,98.7,13.3,0.0,57.0,13.73,0.0,2405.0,0x0000000000000000,59.9,56.85,62.0,2,553
2026-09-30T14:35:44,3.7,3.5673828125,98.5,12.8,0.0,56.0,13.61,0.0,2405.0,0x0000000000000000,60.7,57.85,61.0,,560
2026-09-30T14:35:54,4.7,3.091796875,98.5,13.3,0.0,55.0,13.53,0.0,2405.0,0x0000000000000000,58.6,56.85,60.0,,559
2026-09-30T14:36:04,20.6,4.94189453125,98.7,13.3,0.0,59.0,21.31,14.0,2405.0,0x0000000000000000,75.6,56.85,62.0,2,555
2026-09-30T14:36:14,2.4,4.181640625,98.8,13.3,0.0,56.0,13.73,0.0,2405.0,0x0000000000000000,59.8,55.85,61.0,,556
2026-09-30T14:36:24,2.0,3.53857421875,98.8,12.6,0.0,55.0,13.62,0.0,2405.0,0x0000000000000000,60.6,57.85,60.0,,600
2026-09-30T14:36:35,5.8,3.14794921875,98.4,13.3,0.0,55.0,13.56,0.0,2405.0,0x0000000000000000,74.9,56.85,60.0,2,561
2026-09-30T14:36:45,9.3,2.8173828125,98.6,13.3,0.0,63.0,51.08,93.0,2483.0,0x0000000000000000,74.5,55.85,60.0,,551
2026-09-30T14:36:55,6.4,2.45703125,98.8,13.3,0.0,56.0,13.63,0.0,2405.0,0x0000000000000000,58.9,55.85,61.0,,547
2026-09-30T14:37:05,3.2,2.15283203125,98.7,12.7,0.0,55.0,13.46,0.0,2405.0,0x0000000000000000,58.6,57.85,60.0,2,551
2026-09-30T14:37:15,3.2,1.8212890625,98.7,13.2,0.0,54.0,13.44,0.0,2405.0,0x0000000000000000,67.2,56.85,59.0,,548
2026-09-30T14:37:25,4.4,1.61474609375,98.1,13.3,0.0,68.0,88.79,96.0,2450.0,0x0000000000000000,70.7,55.85,59.0,,549
2026-09-30T14:37:35,28.5,1.6005859375,98.1,13.3,0.0,66.0,51.78,92.0,2483.0,0x0000000000000000,79.1,55.85,62.0,2,550
2026-09-30T14:37:45,14.8,1.427734375,98.2,13.3,0.0,66.0,52.64,95.0,2483.0,0x0000000000000000,74.4,55.85,63.0,,544
2026-09-30T14:37:55,13.1,2.82861328125,98.3,13.3,0.0,59.0,13.9,0.0,2405.0,0x0000000000000000,62.1,55.85,63.0,,545
2026-09-30T14:38:05,1.2,2.46728515625,98.4,13.3,0.0,57.0,13.72,0.0,2405.0,0x0000000000000000,59.9,55.85,61.0,2,540
2026-09-30T14:38:15,3.6,2.697265625,98.2,12.8,0.0,56.0,13.62,0.0,2405.0,0x0000000000000000,60.3,57.85,61.0,,548
2026-09-30T14:38:26,4.1,2.3623046875,98.0,13.2,0.0,56.0,13.49,0.0,2405.0,0x0000000000000000,75.0,56.85,60.0,,547
2026-09-30T14:38:36,8.3,2.07861328125,97.5,13.3,0.0,64.0,51.39,93.0,2483.0,0x0000000000000000,74.9,56.85,61.0,2,549
2026-09-30T14:38:46,7.8,1.83251953125,97.8,13.3,0.0,57.0,13.73,0.0,2405.0,0x0000000000000000,59.8,56.85,61.0,,544
2026-09-30T14:38:56,3.3,1.63037109375,97.8,12.7,0.0,56.0,13.61,0.0,2405.0,0x0000000000000000,59.6,56.85,60.0,,546
2026-09-30T14:39:06,4.7,1.5400390625,97.5,13.3,0.0,55.0,13.54,0.0,2405.0,0x0000000000000000,75.9,56.85,60.0,2,546
2026-09-30T14:39:16,9.8,1.3828125,97.0,13.3,0.0,64.0,51.59,93.0,2483.0,0x0000000000000000,74.9,55.85,61.0,,548
2026-09-30T14:39:26,20.3,2.8037109375,97.2,13.3,0.0,59.0,14.04,0.0,2405.0,0x0000000000000000,70.2,55.85,63.0,,544
2026-09-30T14:39:36,1.6,2.37255859375,97.3,12.6,0.0,57.0,13.79,0.0,2405.0,0x0000000000000000,60.6,57.85,62.0,0,548
2026-09-30T14:39:46,3.5,2.08056640625,97.0,13.1,0.0,56.0,13.71,0.0,2405.0,0x0000000000000000,59.7,56.85,61.0,,547
2026-09-30T14:39:56,4.2,1.99462890625,97.1,13.3,0.0,55.0,13.6,0.0,2405.0,0x0000000000000000,68.0,56.85,60.0,,549
2026-09-30T14:40:06,18.1,1.767578125,97.3,13.3,0.0,58.0,13.91,0.0,2405.0,0x0000000000000000,65.8,56.85,61.0,2,552
2026-09-30T14:40:17,1.4,1.65625,97.3,13.3,0.0,56.0,13.65,0.0,2405.0,0x0000000000000000,58.9,55.85,61.0,,547
2026-09-30T14:40:27,1.8,1.4013671875,97.3,12.6,0.0,55.0,13.55,0.0,2405.0,0x0000000000000000,58.3,56.85,60.0,,586
2026-09-30T14:40:37,3.6,1.55419921875,97.0,13.2,0.0,55.0,13.51,0.0,2405.0,0x0000000000000000,57.8,56.85,59.0,2,546
2026-09-30T14:40:47,3.6,1.46875,97.0,13.3,0.0,54.0,13.45,0.0,2405.0,0x0000000000000000,58.9,56.85,59.0,,546
2026-09-30T14:40:57,15.3,2.67822265625,97.2,13.3,0.0,57.0,13.87,0.0,2405.0,0x0000000000000000,70.4,56.85,61.0,,543
2026-09-30T14:41:07,0.9,2.26611328125,97.3,13.3,0.0,55.0,13.64,0.0,2405.0,0x0000000000000000,58.4,56.85,60.0,1,539
2026-09-30T14:41:17,4.3,2.138671875,97.0,12.9,0.0,55.0,13.48,0.0,2405.0,0x0000000000000000,59.1,57.85,59.0,,550
2026-09-30T14:41:27,4.0,2.13037109375,97.1,13.3,0.0,54.0,13.49,0.0,2405.0,0x0000000000000000,57.5,54.85,59.0,,551
2026-09-30T14:41:37,17.1,2.35693359375,97.1,13.3,0.0,64.0,51.26,93.0,2476.0,0x0000000000000000,76.6,54.85,61.0,2,547
2026-09-30T14:41:47,9.1,2.29541015625,97.3,13.3,0.0,57.0,13.77,0.0,2405.0,0x0000000000000000,60.2,54.85,61.0,,543
2026-09-30T14:41:57,1.7,2.015625,97.4,12.6,0.0,56.0,13.67,0.0,2405.0,0x0000000000000000,58.8,56.85,60.0,,586
2026-09-30T14:42:08,3.8,1.78515625,97.1,13.2,0.0,55.0,13.53,0.0,2405.0,0x0000000000000000,58.0,57.85,59.0,2,553
2026-09-30T14:42:18,4.3,1.73193359375,97.0,13.3,0.0,55.0,13.5,0.0,2405.0,0x0000000000000000,64.4,55.85,59.0,,552
2026-09-30T14:42:28,25.0,1.69287109375,97.1,13.3,0.0,66.0,51.83,92.0,2483.0,0x0000000000000000,78.8,54.85,62.0,,553
2026-09-30T14:42:38,7.5,2.396484375,97.3,13.3,0.0,58.0,13.93,0.0,2405.0,0x0000000000000000,61.0,55.85,62.0,2,549
2026-09-30T14:42:48,3.2,2.26123046875,97.3,12.7,0.0,56.0,13.69,0.0,2405.0,0x0000000000000000,61.3,55.85,61.0,,553
2026-09-30T14:42:58,4.1,1.90771484375,97.0,13.2,0.0,56.0,13.61,0.0,2405.0,0x0000000000000000,72.1,56.85,60.0,,552
2026-09-30T14:43:08,6.3,2.08251953125,97.0,13.3,0.0,64.0,62.15,93.0,2457.0,0x0000000000000000,74.2,55.85,60.0,2,554
2026-09-30T14:43:18,30.1,1.91552734375,97.1,13.3,0.0,67.0,52.54,95.0,2483.0,0x0000000000000000,80.9,55.85,63.0,,551
2026-09-30T14:43:28,10.6,1.70068359375,97.3,13.3,0.0,59.0,14.16,0.0,2405.0,0x0000000000000000,74.6,56.85,63.0,,547
2026-09-30T14:43:38,1.4,1.51904296875,97.4,12.6,0.0,57.0,13.83,0.0,2405.0,0x0000000000000000,60.9,57.85,61.0,0,542
2026-09-30T14:43:48,4.7,1.50634765625,97.1,13.2,0.0,56.0,13.74,0.0,2405.0,0x0000000000000000,60.1,58.85,60.0,,550
2026-09-30T14:43:59,4.3,1.34765625,97.1,13.3,0.0,55.0,13.59,0.0,2405.0,0x0000000000000000,65.8,56.85,60.0,,550
2026-09-30T14:44:09,15.9,1.21337890625,97.3,13.3,0.0,57.0,13.87,0.0,2405.0,0x0000000000000000,60.1,56.85,61.0,2,551
2026-09-30T14:44:19,1.2,1.0263671875,97.4,13.3,0.0,55.0,13.67,0.0,2405.0,0x0000000000000000,58.6,56.85,60.0,,545
2026-09-30T14:44:29,3.8,1.08935546875,97.2,12.8,0.0,55.0,13.59,0.0,2405.0,0x0000000000000000,60.0,57.85,59.0,,550
2026-09-30T14:44:39,3.9,1.00146484375,97.1,13.3,0.0,54.0,13.47,0.0,2405.0,0x0000000000000000,75.4,56.85,59.0,2,549
2026-09-30T14:44:49,8.3,1.8818359375,97.1,13.3,0.0,63.0,50.66,93.0,2483.0,0x0000000000000000,73.6,56.85,60.0,,551
2026-09-30T14:44:59,9.4,1.73974609375,97.3,13.3,0.0,56.0,13.68,0.0,2405.0,0x0000000000000000,59.1,55.85,61.0,,545
2026-09-30T14:45:09,2.7,1.63232421875,97.3,12.7,0.0,55.0,13.56,0.0,2405.0,0x0000000000000000,59.9,56.85,60.0,2,590
2026-09-30T14:45:19,3.7,1.75634765625,97.2,13.2,0.0,55.0,13.51,0.0,2405.0,0x0000000000000000,65.3,56.85,59.0,,549
2026-09-30T14:45:29,4.4,1.56591796875,97.1,13.3,0.0,68.0,88.97,96.0,2450.0,0x0000000000000000,70.7,55.85,59.0,,548
2026-09-30T14:45:39,27.0,1.55908203125,97.1,13.3,0.0,61.0,34.18,93.0,2463.0,0x0000000000000000,76.4,56.85,63.0,2,548
2026-09-30T14:45:49,2.4,1.31884765625,97.3,13.3,0.0,57.0,13.83,0.0,2405.0,0x0000000000000000,60.1,55.85,62.0,,545
2026-09-30T14:46:00,1.6,1.19580078125,97.4,12.6,0.0,56.0,13.67,0.0,2405.0,0x0000000000000000,58.8,56.85,60.0,,583
2026-09-30T14:46:10,5.5,1.09130859375,97.0,13.3,0.0,55.0,13.58,0.0,2405.0,0x0000000000000000,73.5,56.85,60.0,2,545
2026-09-30T14:46:20,7.1,1.00341796875,97.1,13.3,0.0,63.0,51.18,95.0,2483.0,0x0000000000000000,73.0,56.85,60.0,,547
2026-09-30T14:46:30,18.2,1.0703125,97.3,13.3,0.0,58.0,13.9,0.0,2405.0,0x0000000000000000,61.8,55.85,62.0,,538
2026-09-30T14:46:40,1.6,1.14599609375,97.4,12.6,0.0,56.0,13.7,0.0,2405.0,0x0000000000000000,59.5,56.85,61.0,1,578
2026-09-30T14:46:50,3.6,1.04296875,97.0,13.2,0.0,56.0,13.62,0.0,2405.0,0x0000000000000000,59.4,57.85,60.0,,542
2026-09-30T14:47:00,3.8,1.03564453125,97.0,13.3,0.0,55.0,13.57,0.0,2405.0,0x0000000000000000,65.0,56.85,59.0,,543
2026-09-30T14:47:10,19.4,1.1103515625,97.1,13.3,0.0,65.0,49.35,72.0,2450.0,0x0000000000000000,77.4,55.85,61.0,2,541
2026-09-30T14:47:20,30.7,2.72021484375,97.1,13.3,0.0,69.0,52.84,94.0,2483.0,0x0000000000000000,82.0,56.85,65.0,,541
2026-09-30T14:47:30,14.2,3.03857421875,97.4,13.3,0.0,61.0,23.56,24.0,2405.0,0x0000000000000000,69.0,56.85,65.0,,539
2026-09-30T14:47:40,2.0,2.71826171875,97.3,13.3,0.0,58.0,13.91,0.0,2405.0,0x0000000000000000,61.7,56.85,63.0,2,535
2026-09-30T14:47:50,3.0,2.3798828125,97.3,12.7,0.0,57.0,13.74,0.0,2405.0,0x0000000000000000,61.7,56.85,62.0,,543
2026-09-30T14:48:01,5.3,2.173828125,97.1,13.3,0.0,56.0,13.67,0.0,2405.0,0x0000000000000000,65.9,57.85,61.0,,542
2026-09-30T14:48:11,13.4,2.07275390625,97.1,13.3,0.0,66.0,49.17,94.0,2483.0,0x0000000000000000,77.7,56.85,62.0,2,544
2026-09-30T14:48:21,8.7,1.9013671875,97.3,13.3,0.0,58.0,13.9,0.0,2405.0,0x0000000000000000,61.1,56.85,63.0,,540
2026-09-30T14:48:31,3.1,1.7626953125,97.3,12.7,0.0,57.0,13.73,0.0,2405.0,0x0000000000000000,63.1,56.85,61.0,,549
2026-09-30T14:48:41,5.2,1.73193359375,97.1,13.3,0.0,56.0,13.67,0.0,2405.0,0x0000000000000000,64.3,57.85,61.0,2,548
2026-09-30T14:48:51,11.3,1.859375,97.3,13.3,0.0,57.0,13.71,0.0,2405.0,0x0000000000000000,67.5,56.85,61.0,,546
2026-09-30T14:49:01,1.3,1.5732421875,97.4,12.6,0.0,56.0,13.59,0.0,2405.0,0x0000000000000000,60.6,56.85,60.0,,544
2026-09-30T14:49:11,4.8,1.33056640625,97.2,13.2,0.0,55.0,13.49,0.0,2405.0,0x0000000000000000,59.9,56.85,59.0,2,549
2026-09-30T14:49:21,4.4,1.279296875,97.1,13.3,0.0,67.0,48.94,0.0,2457.0,0x0000000000000000,67.1,56.85,59.0,,550
2026-09-30T14:49:31,18.0,1.390625,97.3,13.3,0.0,58.0,13.83,0.0,2405.0,0x0000000000000000,66.6,56.85,62.0,,546
2026-09-30T14:49:41,1.5,1.17626953125,97.4,12.6,0.0,56.0,13.69,0.0,2405.0,0x0000000000000000,61.0,56.85,61.0,0,547
2026-09-30T14:49:52,4.6,0.9951171875,97.1,13.2,0.0,56.0,13.64,0.0,2405.0,0x0000000000000000,62.6,57.85,60.0,,550
2026-09-30T14:50:02,6.2,0.99609375,97.1,13.3,0.0,61.0,52.06,0.0,2496.0,0x0000000000000000,69.0,56.85,59.0,,552
2026-09-30T14:50:12,21.2,1.0703125,97.4,13.3,0.0,58.0,13.86,0.0,2405.0,0x0000000000000000,68.3,56.85,62.0,2,548
2026-09-30T14:50:22,1.6,0.9052734375,97.4,12.6,0.0,56.0,13.67,0.0,2405.0,0x0000000000000000,62.7,58.85,61.0,,545
2026-09-30T14:50:32,3.2,1.08056640625,97.1,12.9,0.0,55.0,13.53,0.0,2405.0,0x0000000000000000,58.9,58.85,60.0,,550
2026-09-30T14:50:42,1.8,0.99462890625,97.3,13.2,0.0,55.0,13.45,0.0,2405.0,0x0000000000000000,58.3,56.85,59.0,2,554
2026-09-30T14:50:52,4.2,0.9150390625,97.2,13.3,0.0,54.0,33.78,0.0,2405.0,0x0000000000000000,65.0,56.85,59.0,,553
2026-09-30T14:51:02,26.4,1.08837890625,97.2,13.3,0.0,66.0,52.0,93.0,2483.0,0x0000000000000000,78.2,56.85,62.0,,552
2026-09-30T14:51:12,15.7,1.07421875,97.4,13.3,0.0,59.0,14.05,0.0,2405.0,0x0000000000000000,63.0,56.85,64.0,2,547
2026-09-30T14:51:22,1.2,0.98193359375,97.5,13.3,0.0,57.0,13.67,0.0,2405.0,0x0000000000000000,59.8,56.85,61.0,,549
2026-09-30T14:51:32,4.0,0.904296875,97.3,12.8,0.0,56.0,13.62,0.0,2405.0,0x0000000000000000,62.5,57.85,61.0,,552
2026-09-30T14:51:42,3.7,0.91259765625,97.1,13.3,0.0,55.0,13.59,0.0,2405.0,0x0000000000000000,73.6,56.85,60.0,2,551
2026-09-30T14:51:53,7.5,1.0869140625,97.2,13.3,0.0,63.0,51.24,93.0,2483.0,0x0000000000000000,73.9,56.85,60.0,,553
2026-09-30T14:52:03,20.4,2.6689453125,97.4,13.3,0.0,59.0,13.92,0.0,2405.0,0x0000000000000000,67.0,56.85,63.0,,550
2026-09-30T14:52:13,1.3,2.33837890625,97.4,13.3,0.0,57.0,13.69,0.0,2405.0,0x0000000000000000,59.8,56.85,61.0,2,545
2026-09-30T14:52:23,3.8,1.978515625,97.2,12.8,0.0,56.0,13.59,0.0,2405.0,0x0000000000000000,60.8,58.85,60.0,,551
2026-09-30T14:52:33,3.1,1.74755859375,97.2,13.2,0.0,55.0,13.5,0.0,2405.0,0x0000000000000000,69.2,56.85,60.0,,550
2026-09-30T14:52:43,4.9,1.70654296875,97.2,13.3,0.0,69.0,84.79,96.0,2444.0,0x0000000000000000,76.5,56.85,60.0,2,551
2026-09-30T14:52:53,30.0,2.0986328125,97.2,13.3,0.0,67.0,51.17,91.0,2483.0,0x0000000000000000,80.0,56.85,63.0,,550
2026-09-30T14:53:03,15.4,1.93603515625,97.2,13.3,0.0,67.0,51.02,93.0,2483.0,0x0000000000000000,79.2,56.85,64.0,,546
2026-09-30T14:53:13,5.2,1.6376953125,97.2,13.3,0.0,58.0,13.94,0.0,2405.0,0x0000000000000000,61.8,56.85,63.0,2,548
2026-09-30T14:53:23,14.8,1.458984375,97.2,13.3,0.0,60.0,14.06,0.0,2405.0,0x0000000000000000,63.4,56.85,64.0,,550
2026-09-30T14:53:33,15.6,1.3076171875,97.2,13.3,0.0,60.0,14.01,0.0,2405.0,0x0000000000000000,68.2,56.85,64.0,,549
2026-09-30T14:53:43,0.5,1.2666015625,97.2,13.3,0.0,57.0,13.73,0.0,2405.0,0x0000000000000000,60.8,56.85,62.0,2,542
2026-09-30T14:53:54,21.9,1.29931640625,97.2,13.3,0.0,67.0,51.92,91.0,2476.0,0x0000000000000000,80.2,57.85,64.0,,543
2026-09-30T14:54:04,7.3,1.17919921875,97.2,13.3,0.0,59.0,13.99,0.0,2405.0,0x0000000000000000,66.5,57.85,63.0,,543
2026-09-30T14:54:14,0.5,1.0712890625,97.2,13.3,0.0,57.0,13.72,0.0,2405.0,0x0000000000000000,59.9,57.85,62.0,2,542
2026-09-30T14:54:24,0.4,0.90625,97.2,13.3,0.0,56.0,13.58,0.0,2405.0,0x0000000000000000,58.8,57.85,61.0,,543
2026-09-30T14:54:34,3.4,0.84716796875,97.2,13.3,0.0,62.0,51.0,92.0,2496.0,0x0000000000000000,67.1,56.85,60.0,,542
2026-09-30T14:54:44,29.2,3.06884765625,97.2,13.3,0.0,67.0,51.78,92.0,2483.0,0x0000000000000000,79.4,56.85,63.0,2,541
2026-09-30T14:54:54,15.2,2.6767578125,97.2,13.3,0.0,67.0,51.77,93.0,2483.0,0x0000000000000000,78.2,56.85,64.0,,543
2026-09-30T14:55:04,14.6,2.4189453125,97.2,13.3,0.0,67.0,51.64,92.0,2483.0,0x0000000000000000,79.0,56.85,65.0,,543
2026-09-30T14:55:14,9.2,2.44091796875,97.5,13.3,0.0,60.0,14.1,0.0,2405.0,0x0000000000000000,69.9,57.85,64.0,2,536
2026-09-30T14:55:24,1.2,2.06494140625,97.5,12.6,0.0,58.0,13.83,0.0,2405.0,0x0000000000000000,63.2,58.85,62.0,,535
2026-09-30T14:55:35,3.2,1.96875,97.2,12.8,0.0,57.0,13.73,0.0,2405.0,0x0000000000000000,59.8,57.85,61.0,,540
2026-09-30T14:55:45,1.2,1.66552734375,97.2,13.1,0.0,56.0,13.65,0.0,2405.0,0x0000000000000000,58.8,57.85,61.0,2,539
2026-09-30T14:55:55,3.8,1.482421875,97.2,13.3,0.0,55.0,13.63,0.0,2405.0,0x0000000000000000,59.8,57.85,60.0,,540
2026-09-30T14:56:05,17.6,1.48828125,97.1,13.3,0.0,66.0,49.27,93.0,2483.0,0x0000000000000000,77.4,57.85,62.0,,538
2026-09-30T14:56:15,2.7,1.3388671875,97.3,13.3,0.0,57.0,13.84,0.0,2405.0,0x0000000000000000,60.3,57.85,62.0,2,536
2026-09-30T14:56:25,3.9,1.43408203125,97.1,12.8,0.0,56.0,13.72,0.0,2405.0,0x0000000000000000,62.3,58.85,61.0,,541
2026-09-30T14:56:35,1.4,1.28662109375,97.1,13.1,0.0,56.0,13.59,0.0,2405.0,0x0000000000000000,58.8,57.85,60.0,,540
2026-09-30T14:56:45,3.5,1.16796875,97.2,13.3,0.0,55.0,13.57,0.0,2405.0,0x0000000000000000,59.8,57.85,60.0,2,541
2026-09-30T14:56:55,15.8,1.869140625,97.1,13.3,0.0,65.0,51.89,93.0,2483.0,0x0000000000000000,77.5,56.85,61.0,,544
2026-09-30T14:57:05,25.8,1.8955078125,97.1,13.3,0.0,61.0,14.43,0.0,2405.0,0x0000000000000000,75.6,57.85,65.0,,542
2026-09-30T14:57:15,14.8,2.5654296875,97.2,13.3,0.0,61.0,14.44,0.0,2405.0,0x0000000000000000,71.3,57.85,65.0,2,543
2026-09-30T14:57:25,16.3,3.2119140625,97.1,13.3,0.0,61.0,14.44,0.0,2405.0,0x0000000000000000,70.3,57.85,65.0,,541
2026-09-30T14:57:36,18.3,3.67919921875,97.2,13.3,0.0,68.0,52.59,94.0,2483.0,0x0000000000000000,81.7,57.85,65.0,,542
2026-09-30T14:57:46,12.8,3.26025390625,97.2,13.3,0.0,61.0,14.42,0.0,2405.0,0x0000000000000000,64.3,57.85,65.0,2,542
2026-09-30T14:57:56,6.0,2.7587890625,97.4,13.3,0.0,59.0,14.06,0.0,2405.0,0x0000000000000000,63.8,58.85,64.0,,538
2026-09-30T14:58:06,0.7,2.333984375,97.4,13.1,0.0,57.0,13.83,0.0,2405.0,0x0000000000000000,60.8,58.85,63.0,,535
2026-09-30T14:58:16,4.4,2.04833984375,97.1,13.0,0.0,57.0,13.68,0.0,2405.0,0x0000000000000000,60.8,59.85,62.0,2,544
2026-09-30T14:58:26,3.8,1.88671875,97.2,13.3,0.0,56.0,13.66,0.0,2405.0,0x0000000000000000,59.6,57.85,61.0,,543
2026-09-30T14:58:36,17.1,2.63134765625,97.1,13.3,0.0,66.0,51.14,92.0,2483.0,0x0000000000000000,78.7,57.85,63.0,,543
2026-09-30T14:58:46,3.1,2.2265625,97.3,13.3,0.0,58.0,13.81,0.0,2405.0,0x0000000000000000,60.8,57.85,62.0,2,541
2026-09-30T14:58:56,2.4,1.9638671875,97.3,12.6,0.0,56.0,13.66,0.0,2405.0,0x0000000000000000,61.3,58.85,61.0,,590
2026-09-30T14:59:06,4.2,1.6611328125,97.1,13.3,0.0,56.0,13.65,0.0,2405.0,0x0000000000000000,73.4,57.85,60.0,,548
2026-09-30T14:59:16,4.8,1.55908203125,97.0,13.3,0.0,66.0,83.24,96.0,2437.0,0x0000000000000000,76.5,57.85,61.0,2,550
2026-09-30T14:59:27,30.1,1.70751953125,97.0,13.3,0.0,68.0,45.06,94.0,2483.0,0x0000000000000000,78.3,57.85,64.0,,550
2026-09-30T14:59:37,5.4,1.7587890625,97.3,13.3,0.0,59.0,14.0,0.0,2405.0,0x0000000000000000,67.0,57.85,63.0,,545
2026-09-30T14:59:47,1.9,1.6357421875,97.4,12.6,0.0,58.0,13.81,0.0,2405.0,0x0000000000000000,65.6,57.85,62.0,0,542
2026-09-30T14:59:57,3.9,1.3837890625,97.0,12.8,0.0,57.0,13.72,0.0,2405.0,0x0000000000000000,60.5,58.85,61.0,,552
2026-09-30T15:00:07,3.0,1.41162109375,97.0,13.3,0.0,56.0,13.71,0.0,2405.0,0x0000000000000000,74.9,57.85,61.0,,550
2026-09-30T15:00:17,5.4,1.267578125,97.1,13.3,0.0,64.0,76.38,94.0,2450.0,0x0000000000000000,76.1,57.85,61.0,2,554
2026-09-30T15:00:27,29.3,3.2099609375,97.1,13.3,0.0,68.0,43.11,93.0,2483.0,0x0000000000000000,78.3,57.85,64.0,,550
2026-09-30T15:00:37,2.9,3.01123046875,97.3,13.3,0.0,58.0,14.06,0.0,2405.0,0x0000000000000000,61.5,57.85,63.0,,547
2026-09-30T15:00:47,3.9,2.6279296875,97.0,12.9,0.0,57.0,13.86,0.0,2405.0,0x0000000000000000,63.0,58.85,62.0,2,548
2026-09-30T15:00:57,4.8,2.3037109375,97.0,13.3,0.0,56.0,13.69,0.0,2405.0,0x0000000000000000,70.0,57.85,61.0,,549
2026-09-30T15:01:07,24.8,2.10302734375,97.1,13.3,0.0,67.0,52.18,92.0,2483.0,0x0000000000000000,79.1,57.85,63.0,,550
2026-09-30T15:01:17,17.8,3.0546875,97.1,13.3,0.0,60.0,14.4,0.0,2405.0,0x0000000000000000,64.2,57.85,65.0,2,549
2026-09-30T15:01:28,16.0,2.6650390625,97.1,13.3,0.0,60.0,14.29,0.0,2405.0,0x0000000000000000,66.1,57.85,64.0,,549
2026-09-30T15:01:38,14.8,2.4150390625,97.1,13.3,0.0,60.0,14.18,0.0,2405.0,0x0000000000000000,63.9,57.85,64.0,,549
2026-09-30T15:01:48,4.7,2.11669921875,97.1,13.3,0.0,65.0,51.19,91.0,2483.0,0x0000000000000000,71.1,57.85,62.0,2,550
2026-09-30T15:01:58,18.4,4.29296875,97.1,13.3,0.0,60.0,14.32,0.0,2405.0,0x0000000000000000,64.0,57.85,64.0,,550
2026-09-30T15:02:08,11.1,3.87255859375,97.3,13.3,0.0,59.0,14.15,0.0,2405.0,0x0000000000000000,62.9,58.85,64.0,,550
2026-09-30T15:02:18,1.2,3.35009765625,97.3,13.3,0.0,57.0,13.9,0.0,2405.0,0x0000000000000000,60.8,57.85,63.0,2,545
2026-09-30T15:02:28,4.1,2.908203125,97.0,12.8,0.0,57.0,13.83,0.0,2405.0,0x0000000000000000,61.9,59.85,61.0,,557
2026-09-30T15:02:38,2.8,2.9345703125,97.1,13.3,0.0,56.0,13.69,0.0,2405.0,0x0000000000000000,66.9,58.85,61.0,,556
2026-09-30T15:02:48,4.5,2.7841796875,97.0,13.3,0.0,69.0,91.38,96.0,2450.0,0x0000000000000000,76.4,57.85,61.0,2,561
2026-09-30T15:02:58,28.5,2.5771484375,97.0,13.3,0.0,68.0,52.11,94.0,2483.0,0x0000000000000000,81.0,57.85,64.0,,557
2026-09-30T15:03:08,14.8,3.1357421875,97.1,13.3,0.0,67.0,49.12,93.0,2476.0,0x0000000000000000,79.0,57.85,64.0,,557
2026-09-30T15:03:19,15.3,3.6943359375,97.1,13.3,0.0,68.0,53.02,95.0,2483.0,0x0000000000000000,79.9,57.85,65.0,2,557
2026-09-30T15:03:29,15.6,4.8017578125,97.1,13.3,0.0,68.0,52.07,92.0,2483.0,0x0000000000000000,80.2,57.85,65.0,,557
2026-09-30T15:03:39,6.9,4.06298828125,97.1,13.3,0.0,60.0,14.23,0.0,2405.0,0x0000000000000000,63.2,57.85,65.0,,558
2026-09-30T15:03:49,18.0,5.15185546875,97.1,13.3,0.0,68.0,49.47,93.0,2483.0,0x0000000000000000,81.5,58.85,65.0,2,556
2026-09-30T15:03:59,14.7,4.439453125,97.1,13.3,0.0,68.0,51.87,92.0,2483.0,0x0000000000000000,79.6,57.85,65.0,,554
2026-09-30T15:04:09,15.2,3.99658203125,97.1,13.3,0.0,67.0,51.74,92.0,2483.0,0x0000000000000000,78.1,58.85,65.0,,553
2026-09-30T15:04:19,15.2,3.4619140625,97.1,13.3,0.0,68.0,51.74,92.0,2483.0,0x0000000000000000,79.1,58.85,65.0,2,553
2026-09-30T15:04:29,8.2,3.16943359375,97.1,13.3,0.0,60.0,14.18,0.0,2405.0,0x0000000000000000,63.5,58.85,65.0,,553
2026-09-30T15:04:39,15.2,2.75537109375,97.1,13.3,0.0,61.0,14.46,0.0,2405.0,0x0000000000000000,66.9,59.85,65.0,,553
2026-09-30T15:04:50,15.0,2.4853515625,97.1,13.3,0.0,61.0,14.52,0.0,2405.0,0x0000000000000000,68.1,58.85,65.0,2,549
2026-09-30T15:05:00,14.4,2.17626953125,97.1,13.3,0.0,62.0,14.57,0.0,2405.0,0x0000000000000000,67.8,58.85,65.0,,549
2026-09-30T15:05:10,15.8,1.9150390625,97.1,13.3,0.0,62.0,14.74,0.0,2392.0,0x0000000000000000,67.9,58.85,66.0,,549
2026-09-30T15:05:20,1.9,2.18115234375,97.1,13.3,0.0,60.0,14.21,0.0,2405.0,0x0000000000000000,63.8,58.85,64.0,2,547
2026-09-30T15:05:30,10.1,3.447265625,97.1,13.3,0.0,66.0,51.11,92.0,2483.0,0x0000000000000000,78.2,59.85,63.0,,547
2026-09-30T15:05:40,5.8,2.99658203125,97.3,13.3,0.0,59.0,14.1,0.0,2405.0,0x0000000000000000,61.9,58.85,63.0,,541
2026-09-30T15:05:50,1.8,2.615234375,97.3,12.6,0.0,57.0,13.9,0.0,2405.0,0x0000000000000000,60.8,59.85,62.0,1,585
2026-09-30T15:06:00,3.7,2.43408203125,97.0,13.2,0.0,57.0,13.83,0.0,2405.0,0x0000000000000000,59.9,60.85,62.0,,549
2026-09-30T15:06:10,3.5,2.1328125,97.1,13.3,0.0,56.0,13.69,0.0,2405.0,0x0000000000000000,61.0,58.85,61.0,,550
2026-09-30T15:06:20,18.6,2.119140625,97.4,13.3,0.0,66.0,52.07,92.0,2483.0,0x0000000000000000,78.7,58.85,63.0,2,551
2026-09-30T15:06:30,15.0,1.86669921875,97.4,13.3,0.0,66.0,47.51,94.0,2483.0,0x0000000000000000,72.2,58.85,64.0,,551
2026-09-30T15:06:41,2.7,1.65283203125,97.7,13.3,0.0,57.0,13.91,0.0,2405.0,0x0000000000000000,60.8,58.85,62.0,,548
2026-09-30T15:06:51,3.9,1.5458984375,97.5,12.8,0.0,57.0,13.77,0.0,2405.0,0x0000000000000000,63.6,60.85,62.0,2,552
2026-09-30T15:07:01,4.8,1.38134765625,97.4,13.3,0.0,56.0,13.69,0.0,2405.0,0x0000000000000000,66.0,58.85,61.0,,553
2026-09-30T15:07:11,13.5,1.322265625,97.6,13.3,0.0,59.0,13.96,0.0,2405.0,0x0000000000000000,67.3,58.85,62.0,,554
2026-09-30T15:07:21,1.5,1.2666015625,97.6,13.3,0.0,57.0,13.74,0.0,2405.0,0x0000000000000000,59.8,57.85,61.0,2,548
2026-09-30T15:07:31,3.6,1.23193359375,97.4,12.8,0.0,56.0,13.7,0.0,2405.0,0x0000000000000000,60.8,59.85,61.0,,554
2026-09-30T15:07:41,4.8,1.1220703125,97.4,13.3,0.0,55.0,13.66,0.0,2405.0,0x0000000000000000,69.3,57.85,60.0,,552
2026-09-30T15:07:51,16.3,2.14404296875,97.4,13.3,0.0,65.0,51.39,92.0,2483.0,0x0000000000000000,76.1,57.85,61.0,2,546
2026-09-30T15:08:01,25.9,1.9677734375,97.7,13.3,0.0,61.0,14.43,0.0,2405.0,0x0000000000000000,69.2,57.85,65.0,,546
2026-09-30T15:08:11,1.8,1.73876953125,97.7,13.3,0.0,57.0,13.82,0.0,2405.0,0x0000000000000000,60.8,57.85,63.0,,542
2026-09-30T15:08:21,3.0,1.470703125,97.6,12.7,0.0,56.0,13.65,0.0,2405.0,0x0000000000000000,63.1,57.85,61.0,2,548
2026-09-30T15:08:31,4.4,1.4716796875,97.3,13.3,0.0,56.0,13.63,0.0,2405.0,0x0000000000000000,72.7,57.85,60.0,,546
2026-09-30T15:08:42,6.9,1.3984375,97.3,13.3,0.0,63.0,52.2,92.0,2483.0,0x0000000000000000,73.9,57.85,60.0,,548
2026-09-30T15:08:52,19.7,2.15380859375,97.6,13.3,0.0,59.0,14.0,0.0,2405.0,0x0000000000000000,69.9,57.85,63.0,2,550
2026-09-30T15:09:02,1.2,1.96923828125,97.6,13.3,0.0,57.0,13.76,0.0,2405.0,0x0000000000000000,59.8,57.85,61.0,,546
2026-09-30T15:09:12,4.0,1.974609375,97.4,12.8,0.0,56.0,13.68,0.0,2405.0,0x0000000000000000,60.9,58.85,61.0,,546
2026-09-30T15:09:22,2.9,1.6708984375,97.3,13.3,0.0,55.0,13.6,0.0,2405.0,0x0000000000000000,69.8,57.85,60.0,2,545
2026-09-30T15:09:32,5.1,1.64111328125,97.4,13.3,0.0,63.0,78.74,93.0,2444.0,0x0000000000000000,75.4,57.85,60.0,,547
2026-09-30T15:09:42,8.3,3.00927734375,97.6,13.3,0.0,56.0,13.69,0.0,2405.0,0x0000000000000000,59.0,56.85,61.0,,543
2026-09-30T15:09:52,3.2,2.54638671875,97.6,12.7,0.0,55.0,13.64,0.0,2405.0,0x0000000000000000,60.2,57.85,60.0,2,546
2026-09-30T15:10:02,5.0,2.38818359375,97.4,13.3,0.0,55.0,13.64,0.0,2405.0,0x0000000000000000,61.0,56.85,59.0,,546
2026-09-30T15:10:12,14.7,2.17431640625,97.3,13.3,0.0,64.0,51.2,93.0,2476.0,0x0000000000000000,75.9,56.85,61.0,,548
2026-09-30T15:10:22,12.5,1.9130859375,97.6,13.3,0.0,58.0,13.93,0.0,2405.0,0x0000000000000000,66.1,56.85,62.0,2,544
2026-09-30T15:10:33,1.0,1.61865234375,97.7,12.6,0.0,56.0,13.75,0.0,2405.0,0x0000000000000000,61.1,56.85,61.0,,546
2026-09-30T15:10:43,4.1,1.44287109375,97.3,13.1,0.0,55.0,13.67,0.0,2405.0,0x0000000000000000,59.7,57.85,60.0,,551
2026-09-30T15:10:53,3.6,1.38134765625,97.4,13.3,0.0,55.0,13.61,0.0,2405.0,0x0000000000000000,59.7,56.85,60.0,2,551
2026-09-30T15:11:03,20.0,2.12353515625,97.4,13.3,0.0,64.0,51.21,94.0,2476.0,0x0000000000000000,76.6,56.85,61.0,,553
2026-09-30T15:11:13,13.6,3.50390625,97.6,13.3,0.0,58.0,13.98,0.0,2405.0,0x0000000000000000,61.2,56.85,62.0,,542
2026-09-30T15:11:23,1.9,2.96484375,97.7,12.6,0.0,56.0,13.74,0.0,2405.0,0x0000000000000000,59.5,56.85,61.0,2,586
2026-09-30T15:11:33,5.6,2.95751953125,97.3,13.3,0.0,56.0,13.73,0.0,2405.0,0x0000000000000000,75.8,56.85,60.0,,547
2026-09-30T15:11:43,8.3,2.7294921875,97.3,13.3,0.0,64.0,51.28,93.0,2483.0,0x0000000000000000,74.6,56.85,61.0,,548
2026-09-30T15:11:53,28.9,4.80419921875,97.4,13.3,0.0,67.0,52.42,93.0,2483.0,0x0000000000000000,81.1,56.85,64.0,2,544
2026-09-30T15:12:03,14.4,4.1455078125,97.4,13.3,0.0,61.0,30.73,91.0,2398.0,0x0000000000000000,73.2,56.85,64.0,,541
2026-09-30T15:12:13,2.2,3.5078125,97.6,13.3,0.0,58.0,14.0,0.0,2405.0,0x0000000000000000,60.9,56.85,63.0,,540
2026-09-30T15:12:24,1.7,2.9677734375,97.6,12.6,0.0,56.0,13.83,0.0,2405.0,0x0000000000000000,59.7,57.85,61.0,1,579
2026-09-30T15:12:34,3.6,2.51123046875,97.4,13.2,0.0,56.0,13.77,0.0,2405.0,0x0000000000000000,58.8,58.85,61.0,,543
2026-09-30T15:12:44,4.3,2.27880859375,97.4,13.3,0.0,55.0,13.62,0.0,2405.0,0x0000000000000000,69.9,57.85,60.0,,546
2026-09-30T15:12:54,13.7,3.0400390625,97.6,13.3,0.0,58.0,13.95,0.0,2405.0,0x0000000000000000,61.9,57.85,62.0,2,546
2026-09-30T15:13:04,1.4,2.572265625,97.6,13.3,0.0,56.0,13.73,0.0,2405.0,0x0000000000000000,58.8,56.85,61.0,,541
2026-09-30T15:13:14,3.9,2.25634765625,97.4,12.8,0.0,55.0,13.54,0.0,2405.0,0x0000000000000000,60.4,57.85,60.0,,547
2026-09-30T15:13:24,3.6,1.98876953125,97.3,13.3,0.0,55.0,13.48,0.0,2405.0,0x0000000000000000,72.8,56.85,60.0,2,543
2026-09-30T15:13:34,7.3,2.06396484375,97.4,13.3,0.0,63.0,50.94,90.0,2483.0,0x0000000000000000,73.5,56.85,60.0,,546
2026-09-30T15:13:44,16.0,1.81982421875,97.6,13.3,0.0,57.0,13.81,0.0,2405.0,0x0000000000000000,61.6,56.85,62.0,,547
2026-09-30T15:13:54,1.1,1.53955078125,97.6,13.3,0.0,56.0,13.63,0.0,2405.0,0x0000000000000000,58.8,56.85,61.0,2,541
2026-09-30T15:14:04,3.5,1.4560546875,97.5,12.8,0.0,55.0,13.59,0.0,2405.0,0x0000000000000000,59.8,57.85,60.0,,550
2026-09-30T15:14:14,4.8,1.3056640625,97.4,13.3,0.0,54.0,13.52,0.0,2405.0,0x0000000000000000,58.2,56.85,60.0,,549
2026-09-30T15:14:25,13.9,1.2578125,97.6,13.3,0.0,57.0,13.89,0.0,2405.0,0x0000000000000000,69.6,56.85,61.0,2,546
2026-09-30T15:14:35,1.1,1.14404296875,97.7,13.3,0.0,55.0,13.67,0.0,2405.0,0x0000000000000000,58.4,56.85,60.0,,546
2026-09-30T15:14:45,4.2,0.9677734375,97.5,12.9,0.0,55.0,13.54,0.0,2405.0,0x0000000000000000,58.7,57.85,60.0,,550
2026-09-30T15:14:55,4.3,0.8994140625,97.5,13.3,0.0,54.0,13.52,0.0,2405.0,0x0000000000000000,67.8,55.85,59.0,2,549
2026-09-30T15:15:05,13.6,0.8349609375,97.5,13.3,0.0,62.0,50.91,93.0,2476.0,0x0000000000000000,72.3,55.85,60.0,,550
2026-09-30T15:15:15,27.5,1.74169921875,97.5,13.3,0.0,66.0,51.85,92.0,2483.0,0x0000000000000000,78.8,56.85,63.0,,551
2026-09-30T15:15:25,15.4,1.62109375,97.5,13.3,0.0,66.0,48.84,95.0,2444.0,0x0000000000000000,73.3,56.85,64.0,2,551
2026-09-30T15:15:35,25.6,3.146484375,97.5,13.3,0.0,62.0,14.7,0.0,2398.0,0x0000000000000000,68.9,56.85,66.0,,545
2026-09-30T15:15:45,10.7,2.7421875,97.7,13.3,0.0,60.0,14.34,0.0,2405.0,0x0000000000000000,73.5,56.85,65.0,,542
2026-09-30T15:15:55,1.6,2.48046875,97.7,12.6,0.0,58.0,13.99,0.0,2405.0,0x0000000000000000,63.0,57.85,63.0,0,541
2026-09-30T15:16:05,3.9,2.400390625,97.4,13.2,0.0,57.0,13.86,0.0,2405.0,0x0000000000000000,60.5,57.85,62.0,,544
2026-09-30T15:16:16,4.4,2.25830078125,97.5,13.3,0.0,56.0,13.73,0.0,2405.0,0x0000000000000000,65.5,56.85,61.0,,549
2026-09-30T15:16:26,23.8,2.21826171875,97.4,13.3,0.0,67.0,51.96,92.0,2476.0,0x0000000000000000,80.3,56.85,64.0,2,547
2026-09-30T15:16:36,14.5,1.95068359375,97.4,13.3,0.0,66.0,50.94,39.0,2483.0,0x0000000000000000,71.9,57.85,64.0,,545
2026-09-30T15:16:46,4.1,1.72412109375,97.6,13.3,0.0,58.0,13.97,0.0,2405.0,0x0000000000000000,60.9,57.85,63.0,,542
2026-09-30T15:16:56,3.7,1.69287109375,97.5,12.8,0.0,57.0,13.81,0.0,2405.0,0x0000000000000000,63.3,58.85,62.0,2,547
2026-09-30T15:17:06,3.8,1.51220703125,97.3,13.3,0.0,56.0,13.78,0.0,2405.0,0x0000000000000000,74.4,57.85,61.0,,548
2026-09-30T15:17:16,7.2,1.439453125,97.4,13.3,0.0,64.0,48.45,93.0,2483.0,0x0000000000000000,73.1,57.85,61.0,,548
2026-09-30T15:17:26,12.0,1.291015625,97.6,13.3,0.0,57.0,13.92,0.0,2405.0,0x0000000000000000,60.8,57.85,62.0,2,543
2026-09-30T15:17:36,2.7,1.17236328125,97.7,12.6,0.0,56.0,13.81,0.0,2405.0,0x0000000000000000,62.2,57.85,61.0,,588
2026-09-30T15:17:46,4.1,1.13916015625,97.5,13.3,0.0,55.0,13.74,0.0,2405.0,0x0000000000000000,68.9,57.85,60.0,,546
2026-09-30T15:17:56,7.9,1.11767578125,97.4,13.3,0.0,58.0,48.73,92.0,2463.0,0x0000000000000000,71.2,56.85,60.0,2,547
2026-09-30T15:18:07,29.6,1.9833984375,97.5,13.3,0.0,67.0,44.86,90.0,2483.0,0x0000000000000000,77.8,56.85,63.0,,549
2026-09-30T15:18:17,1.1,1.677734375,97.5,13.3,0.0,58.0,13.97,0.0,2405.0,0x0000000000000000,60.8,57.85,62.0,,549
2026-09-30T15:18:27,20.7,3.18115234375,97.5,13.3,0.0,67.0,52.11,92.0,2483.0,0x0000000000000000,79.9,56.85,63.0,2,548
2026-09-30T15:18:37,5.7,2.91259765625,97.7,13.3,0.0,58.0,14.02,0.0,2405.0,0x0000000000000000,61.4,57.85,63.0,,545
2026-09-30T15:18:47,1.7,2.46435546875,97.7,12.6,0.0,56.0,13.8,0.0,2405.0,0x0000000000000000,62.9,58.85,61.0,,544
2026-09-30T15:18:57,3.5,2.1650390625,97.4,13.0,0.0,56.0,13.72,0.0,2405.0,0x0000000000000000,58.8,57.85,60.0,2,548
2026-09-30T15:19:07,3.8,1.91162109375,97.5,13.3,0.0,55.0,13.61,0.0,2405.0,0x0000000000000000,60.1,56.85,60.0,,547
2026-09-30T15:19:17,15.6,2.8125,96.8,13.3,0.0,65.0,51.37,91.0,2483.0,0x0000000000000000,76.8,56.85,61.0,,547
2026-09-30T15:19:27,28.5,3.89501953125,96.9,13.3,0.0,68.0,52.23,92.0,2483.0,0x0000000000000000,81.9,57.85,65.0,2,547
2026-09-30T15:19:37,15.0,5.1318359375,96.9,13.3,0.0,68.0,51.99,92.0,2483.0,0x0000000000000000,80.6,57.85,65.0,,547
2026-09-30T15:19:48,14.7,5.53759765625,97.0,13.3,0.0,68.0,52.21,94.0,2483.0,0x0000000000000000,80.1,57.85,64.0,,548
2026-09-30T15:19:58,8.4,4.98681640625,97.2,13.3,0.0,60.0,14.23,0.0,2405.0,0x0000000000000000,64.6,57.85,64.0,2,547
2026-09-30T15:20:08,1.5,4.37353515625,97.2,13.3,0.0,58.0,13.98,0.0,2405.0,0x0000000000000000,60.8,57.85,63.0,,543
2026-09-30T15:20:18,1.9,3.78076171875,97.2,12.6,0.0,57.0,13.8,0.0,2405.0,0x0000000000000000,59.8,57.85,61.0,,586
2026-09-30T15:20:28,3.4,3.27880859375,96.9,13.0,0.0,56.0,13.78,0.0,2405.0,0x0000000000000000,58.8,58.85,60.0,2,551
2026-09-30T15:20:38,3.7,2.8544921875,96.9,13.3,0.0,55.0,13.69,0.0,2405.0,0x0000000000000000,59.8,57.85,60.0,,551
2026-09-30T15:20:48,15.9,2.56884765625,97.4,13.3,0.0,65.0,51.45,92.0,2483.0,0x0000000000000000,77.3,57.85,62.0,,553
2026-09-30T15:20:58,18.8,3.349609375,97.4,13.3,0.0,60.0,14.21,0.0,2405.0,0x0000000000000000,63.7,57.85,64.0,2,550
2026-09-30T15:21:08,6.0,2.90771484375,97.4,13.3,0.0,59.0,14.06,0.0,2405.0,0x0000000000000000,63.7,57.85,63.0,,552
2026-09-30T15:21:18,11.1,2.4912109375,97.4,13.3,0.0,66.0,51.74,93.0,2483.0,0x0000000000000000,77.7,57.85,62.0,,550
2026-09-30T15:21:28,21.5,2.9921875,97.4,13.3,0.0,61.0,14.47,0.0,2405.0,0x0000000000000000,65.0,57.85,65.0,2,548
2026-09-30T15:21:39,15.2,3.3427734375,97.4,13.3,0.0,61.0,14.33,0.0,2405.0,0x0000000000000000,65.6,57.85,65.0,,548
2026-09-30T15:21:49,15.0,2.90185546875,97.4,13.3,0.0,61.0,14.42,0.0,2405.0,0x0000000000000000,65.7,57.85,65.0,,548
2026-09-30T15:21:59,13.4,3.41357421875,97.6,13.3,0.0,61.0,14.36,0.0,2405.0,0x0000000000000000,72.4,57.85,65.0,2,544
2026-09-30T15:22:09,1.6,2.96875,97.7,12.6,0.0,58.0,14.02,0.0,2405.0,0x0000000000000000,61.8,59.85,63.0,,545
2026-09-30T15:22:19,5.0,2.51220703125,97.3,13.3,0.0,57.0,13.85,0.0,2405.0,0x0000000000000000,65.2,58.85,62.0,,547
2026-09-30T15:22:29,4.5,2.27880859375,97.3,13.3,0.0,71.0,90.17,96.0,2431.0,0x0000000000000000,75.7,58.85,61.0,2,550
2026-09-30T15:22:39,29.2,4.14501953125,97.3,13.3,0.0,68.0,52.64,92.0,2483.0,0x0000000000000000,82.1,57.85,64.0,,550
2026-09-30T15:22:49,8.9,3.50732421875,97.3,13.3,0.0,60.0,14.23,0.0,2405.0,0x0000000000000000,63.2,58.85,64.0,,550
2026-09-30T15:22:59,12.6,3.04736328125,97.4,13.3,0.0,67.0,52.11,94.0,2483.0,0x0000000000000000,79.2,58.85,64.0,2,550
2026-09-30T15:23:09,15.6,2.65869140625,97.3,13.3,0.0,66.0,51.53,94.0,2483.0,0x0000000000000000,76.3,57.85,64.0,,548
2026-09-30T15:23:19,3.5,2.4091796875,97.3,13.3,0.0,58.0,14.38,1.0,2411.0,0x0000000000000000,61.8,58.85,63.0,,547
2026-09-30T15:23:30,10.7,2.99951171875,97.4,13.3,0.0,66.0,51.24,93.0,2483.0,0x0000000000000000,77.4,58.85,63.0,2,549
2026-09-30T15:23:40,27.4,2.765625,97.3,13.3,0.0,62.0,14.75,0.0,2405.0,0x0000000000000000,68.6,57.85,65.0,,550
2026-09-30T15:23:50,10.7,4.1083984375,97.5,13.3,0.0,60.0,14.46,1.0,2405.0,0x0000000000000000,67.9,58.85,64.0,,546
2026-09-30T15:24:00,1.7,3.556640625,97.6,13.3,0.0,58.0,13.98,0.0,2405.0,0x0000000000000000,61.1,58.85,63.0,2,541
2026-09-30T15:24:10,3.8,3.23681640625,97.3,12.8,0.0,57.0,13.8,0.0,2405.0,0x0000000000000000,64.4,60.85,61.0,,547
2026-09-30T15:24:20,4.5,2.81884765625,97.5,13.3,0.0,56.0,13.78,0.0,2405.0,0x0000000000000000,68.2,58.85,61.0,,543
2026-09-30T15:24:30,11.2,3.419921875,97.4,13.3,0.0,65.0,49.89,95.0,2476.0,0x0000000000000000,74.5,57.85,62.0,2,546
2026-09-30T15:24:40,18.3,4.51513671875,97.6,13.3,0.0,60.0,14.1,0.0,2405.0,0x0000000000000000,66.1,58.85,64.0,,546
2026-09-30T15:24:50,1.1,3.8203125,97.7,13.3,0.0,58.0,14.0,0.0,2405.0,0x0000000000000000,60.8,58.85,62.0,,540
2026-09-30T15:25:00,4.6,3.392578125,97.4,13.0,0.0,57.0,13.88,0.0,2405.0,0x0000000000000000,61.1,60.85,61.0,2,546
2026-09-30T15:25:10,4.7,2.9443359375,97.4,13.3,0.0,56.0,13.71,0.0,2405.0,0x0000000000000000,72.4,57.85,61.0,,547
2026-09-30T15:25:21,22.8,3.4462890625,96.9,13.3,0.0,67.0,52.39,95.0,2483.0,0x0000000000000000,79.9,57.85,63.0,,541
2026-09-30T15:25:31,14.9,4.3896484375,96.9,13.3,0.0,66.0,33.37,0.0,2483.0,0x0000000000000000,66.8,57.85,64.0,2,541
2026-09-30T15:25:41,15.3,3.7880859375,97.0,13.3,0.0,64.0,30.96,0.0,2418.0,0x0000000000000000,65.3,57.85,65.0,,541
2026-09-30T15:25:51,8.8,3.27880859375,97.2,13.3,0.0,59.0,14.08,0.0,2405.0,0x0000000000000000,62.6,58.85,64.0,,537
2026-09-30T15:26:01,3.0,2.9345703125,97.1,12.7,0.0,58.0,13.98,0.0,2405.0,0x0000000000000000,61.8,58.85,62.0,2,545
2026-09-30T15:26:11,5.4,2.64306640625,96.9,13.3,0.0,57.0,13.85,0.0,2405.0,0x0000000000000000,66.1,58.85,61.0,,546
2026-09-30T15:26:21,13.3,2.47021484375,96.9,13.3,0.0,66.0,51.75,91.0,2483.0,0x0000000000000000,78.3,58.85,63.0,,547
2026-09-30T15:26:31,2.8,2.16357421875,97.2,13.3,0.0,58.0,13.91,0.0,2405.0,0x0000000000000000,60.8,57.85,62.0,2,546
2026-09-30T15:26:41,3.9,1.984375,96.9,12.8,0.0,57.0,13.76,0.0,2405.0,0x0000000000000000,61.4,59.85,61.0,,549
2026-09-30T15:26:51,3.0,1.83251953125,97.0,13.3,0.0,56.0,13.69,0.0,2405.0,0x0000000000000000,67.6,58.85,61.0,,548
2026-09-30T15:27:01,8.6,1.6240234375,96.9,13.3,0.0,63.0,51.01,91.0,2476.0,0x0000000000000000,73.4,58.85,61.0,2,549
2026-09-30T15:27:12,24.9,1.755859375,97.1,13.3,0.0,60.0,14.16,0.0,2405.0,0x0000000000000000,73.3,57.85,64.0,,551
2026-09-30T15:27:22,1.4,1.48583984375,97.2,13.3,0.0,57.0,13.84,0.0,2405.0,0x0000000000000000,60.8,57.85,62.0,,544
2026-09-30T15:27:32,3.0,1.2568359375,97.1,12.7,0.0,56.0,13.63,0.0,2405.0,0x0000000000000000,61.1,57.85,61.0,2,545
2026-09-30T15:27:42,5.3,1.3642578125,97.0,13.3,0.0,56.0,13.68,0.0,2405.0,0x0000000000000000,65.3,57.85,61.0,,545
2026-09-30T15:27:52,11.2,2.189453125,97.1,13.3,0.0,59.0,14.09,0.0,2405.0,0x0000000000000000,71.9,58.85,62.0,,543
2026-09-30T15:28:02,1.5,1.85205078125,97.1,13.3,0.0,56.0,13.82,0.0,2405.0,0x0000000000000000,59.7,57.85,61.0,2,544
2026-09-30T15:28:12,3.8,1.87548828125,97.0,12.8,0.0,56.0,13.67,0.0,2405.0,0x0000000000000000,62.3,59.85,60.0,,549
2026-09-30T15:28:22,4.7,2.330078125,96.9,13.3,0.0,55.0,13.59,0.0,2405.0,0x0000000000000000,61.7,57.85,60.0,,549
2026-09-30T15:28:32,18.3,2.205078125,96.9,13.3,0.0,65.0,51.48,91.0,2483.0,0x0000000000000000,77.8,57.85,62.0,2,550
2026-09-30T15:28:42,4.4,2.01318359375,97.2,13.3,0.0,57.0,13.84,0.0,2405.0,0x0000000000000000,60.4,57.85,62.0,,549
2026-09-30T15:28:52,1.3,2.1455078125,97.2,13.3,0.0,56.0,13.64,0.0,2405.0,0x0000000000000000,58.8,57.85,61.0,,544
2026-09-30T15:29:02,4.0,1.8955078125,97.0,12.8,0.0,55.0,13.57,0.0,2405.0,0x0000000000000000,60.1,57.85,60.0,2,549
2026-09-30T15:29:13,2.9,1.8447265625,97.0,13.3,0.0,55.0,13.54,0.0,2405.0,0x0000000000000000,71.7,57.85,60.0,,545
2026-09-30T15:29:23,4.5,1.78857421875,96.9,13.3,0.0,69.0,91.03,96.0,2444.0,0x0000000000000000,75.7,57.85,59.0,,546
2026-09-30T15:29:33,30.6,2.5419921875,96.9,13.3,0.0,67.0,51.9,91.0,2483.0,0x0000000000000000,79.6,56.85,63.0,2,547
2026-09-30T15:29:43,10.4,2.45263671875,97.1,13.3,0.0,59.0,14.08,0.0,2405.0,0x0000000000000000,73.4,57.85,64.0,,543
2026-09-30T15:29:53,1.1,2.1484375,97.2,12.7,0.0,57.0,13.81,0.0,2405.0,0x0000000000000000,61.7,57.85,62.0,,541
2026-09-30T15:30:03,4.7,2.119140625,96.9,13.2,0.0,56.0,13.71,0.0,2405.0,0x0000000000000000,61.7,59.85,61.0,2,548
2026-09-30T15:30:13,4.5,1.9404296875,96.9,13.3,0.0,56.0,13.72,0.0,2405.0,0x0000000000000000,62.7,57.85,60.0,,548
2026-09-30T15:30:23,22.4,3.47119140625,96.9,13.3,0.0,67.0,51.97,92.0,2483.0,0x0000000000000000,78.8,56.85,63.0,,549
2026-09-30T15:30:33,15.2,4.1162109375,97.0,13.3,0.0,67.0,51.93,91.0,2483.0,0x0000000000000000,77.9,57.85,64.0,2,550
2026-09-30T15:30:43,15.5,3.7099609375,97.0,13.3,0.0,67.0,52.01,94.0,2483.0,0x0000000000000000,79.0,57.85,64.0,,549
2026-09-30T15:30:54,15.3,3.38671875,97.0,13.3,0.0,67.0,50.79,95.0,2463.0,0x0000000000000000,78.0,57.85,64.0,,549
2026-09-30T15:31:04,15.6,3.02587890625,97.0,13.3,0.0,67.0,52.79,95.0,2483.0,0x0000000000000000,78.5,57.85,64.0,2,549
2026-09-30T15:31:14,8.6,2.56005859375,97.2,13.3,0.0,60.0,14.17,0.0,2405.0,0x0000000000000000,63.0,57.85,64.0,,545
2026-09-30T15:31:24,1.7,2.166015625,97.2,12.6,0.0,58.0,13.95,0.0,2405.0,0x0000000000000000,61.4,58.85,63.0,,579
2026-09-30T15:31:34,5.1,2.1337890625,96.8,13.3,0.0,57.0,13.8,0.0,2405.0,0x0000000000000000,72.6,58.85,62.0,2,543
2026-09-30T15:31:44,5.2,1.958984375,96.8,13.3,0.0,65.0,79.25,92.0,2457.0,0x0000000000000000,78.0,58.85,62.0,,546
2026-09-30T15:31:54,24.6,1.73095703125,96.9,13.3,0.0,61.0,14.38,0.0,2405.0,0x0000000000000000,66.0,57.85,65.0,,544
2026-09-30T15:32:04,15.2,1.5380859375,96.9,13.3,0.0,61.0,14.5,0.0,2405.0,0x0000000000000000,67.7,57.85,65.0,2,545
2026-09-30T15:32:14,15.9,2.265625,96.9,13.3,0.0,62.0,14.55,0.0,2405.0,0x0000000000000000,71.8,58.85,66.0,,545
2026-09-30T15:32:24,15.1,2.22412109375,96.9,13.3,0.0,62.0,14.46,0.0,2405.0,0x0000000000000000,67.2,57.85,65.0,,545
2026-09-30T15:32:34,1.0,1.95556640625,96.9,13.3,0.0,58.0,13.97,0.0,2405.0,0x0000000000000000,61.8,58.85,63.0,2,544
2026-09-30T15:32:45,25.0,3.2021484375,96.9,13.3,0.0,62.0,14.54,0.0,2405.0,0x0000000000000000,67.9,57.85,66.0,,545
2026-09-30T15:32:55,3.6,2.8564453125,97.2,13.3,0.0,59.0,13.97,0.0,2405.0,0x0000000000000000,62.1,58.85,64.0,,541
2026-09-30T15:33:05,2.0,2.4169921875,97.2,12.6,0.0,57.0,13.84,0.0,2405.0,0x0000000000000000,60.8,58.85,62.0,2,585
2026-09-30T15:33:15,5.8,2.42626953125,96.8,13.3,0.0,57.0,13.74,0.0,2405.0,0x0000000000000000,77.4,58.85,62.0,,546
2026-09-30T15:33:25,9.6,2.28662109375,97.3,13.3,0.0,65.0,51.72,94.0,2476.0,0x0000000000000000,76.6,58.85,62.0,,549
2026-09-30T15:33:35,27.9,2.322265625,97.4,13.3,0.0,63.0,16.04,34.0,2392.0,0x0000000000000000,73.8,58.85,66.0,2,547
2026-09-30T15:33:45,11.0,2.125,97.6,13.3,0.0,61.0,14.42,0.0,2405.0,0x0000000000000000,69.0,58.85,65.0,,547
2026-09-30T15:33:55,1.5,1.95166015625,97.6,13.3,0.0,58.0,14.03,0.0,2405.0,0x0000000000000000,61.7,58.85,64.0,,542
2026-09-30T15:34:05,3.0,1.8115234375,97.5,12.7,0.0,57.0,13.86,0.0,2405.0,0x0000000000000000,61.8,58.85,62.0,2,545
2026-09-30T15:34:15,4.0,1.76025390625,97.3,13.3,0.0,57.0,13.85,0.0,2405.0,0x0000000000000000,72.8,58.85,62.0,,545
2026-09-30T15:34:25,5.6,1.5693359375,97.4,13.3,0.0,65.0,73.39,92.0,2431.0,0x0000000000000000,76.2,58.85,62.0,,547
2026-09-30T15:34:36,28.9,2.44580078125,97.5,13.3,0.0,68.0,36.28,94.0,2483.0,0x0000000000000000,76.3,58.85,65.0,2,547
2026-09-30T15:34:46,16.4,2.1494140625,97.5,13.3,0.0,68.0,52.29,92.0,2483.0,0x0000000000000000,77.0,58.85,65.0,,547
2026-09-30T15:34:56,4.7,1.818359375,97.7,13.3,0.0,59.0,14.12,0.0,2405.0,0x0000000000000000,62.8,58.85,64.0,,543
2026-09-30T15:35:06,1.9,1.6181640625,97.7,12.6,0.0,58.0,13.95,0.0,2405.0,0x0000000000000000,60.8,58.85,63.0,2,583
2026-09-30T15:35:16,5.7,1.5966796875,97.3,13.3,0.0,57.0,13.8,0.0,2405.0,0x0000000000000000,77.0,58.85,62.0,,544
2026-09-30T15:35:26,8.5,1.43115234375,97.4,13.3,0.0,65.0,48.97,93.0,2457.0,0x0000000000000000,75.9,58.85,62.0,,546
2026-09-30T15:35:36,15.3,2.021484375,97.4,13.3,0.0,59.0,14.2,0.0,2405.0,0x0000000000000000,63.0,58.85,64.0,2,547
2026-09-30T15:35:46,15.8,3.18408203125,97.5,13.3,0.0,60.0,14.18,0.0,2405.0,0x0000000000000000,67.3,58.85,65.0,,546
2026-09-30T15:35:56,8.1,2.85400390625,97.7,13.3,0.0,59.0,14.09,0.0,2405.0,0x0000000000000000,75.6,58.85,64.0,,542
2026-09-30T15:36:06,1.3,2.41455078125,97.8,12.6,0.0,57.0,13.85,0.0,2405.0,0x0000000000000000,61.7,58.85,63.0,0,541
2026-09-30T15:36:16,4.0,2.04296875,97.4,13.0,0.0,57.0,13.8,0.0,2405.0,0x0000000000000000,60.3,59.85,62.0,,546
2026-09-30T15:36:26,3.9,1.80810546875,97.5,13.3,0.0,56.0,13.68,0.0,2405.0,0x0000000000000000,61.6,58.85,61.0,,545
2026-09-30T15:36:37,15.1,1.76416015625,96.9,13.3,0.0,66.0,52.17,94.0,2483.0,0x0000000000000000,78.2,58.85,62.0,2,547
2026-09-30T15:36:47,15.9,1.64599609375,97.1,13.3,0.0,59.0,14.07,0.0,2405.0,0x0000000000000000,63.0,58.85,64.0,,540
2026-09-30T15:36:57,1.9,1.55322265625,97.2,12.6,0.0,57.0,13.84,0.0,2405.0,0x0000000000000000,61.1,58.85,62.0,,582
2026-09-30T15:37:07,5.7,1.54833984375,96.9,13.3,0.0,56.0,13.74,0.0,2405.0,0x0000000000000000,74.6,58.85,61.0,2,543
2026-09-30T15:37:17,7.2,1.39013671875,96.9,13.3,0.0,64.0,43.53,93.0,2483.0,0x0000000000000000,73.7,58.85,61.0,,545
2026-09-30T15:37:27,28.6,1.330078125,96.9,13.3,0.0,68.0,50.78,93.0,2483.0,0x0000000000000000,80.4,57.85,65.0,,545
2026-09-30T15:37:37,15.1,1.28564453125,96.9,13.3,0.0,67.0,49.24,58.0,2476.0,0x0000000000000000,78.6,57.85,64.0,2,545
2026-09-30T15:37:47,15.0,1.32177734375,96.9,13.3,0.0,68.0,48.88,38.0,2483.0,0x0000000000000000,79.0,57.85,65.0,,545
2026-09-30T15:37:57,8.9,1.34619140625,97.2,13.3,0.0,60.0,14.39,0.0,2405.0,0x0000000000000000,65.2,58.85,65.0,,544
2026-09-30T15:38:07,1.4,1.138671875,97.2,13.3,0.0,58.0,14.03,0.0,2405.0,0x0000000000000000,61.8,58.85,63.0,2,540
2026-09-30T15:38:17,3.7,1.037109375,97.0,12.8,0.0,57.0,13.8,0.0,2405.0,0x0000000000000000,62.7,60.85,62.0,,547
2026-09-30T15:38:28,4.6,1.10498046875,96.9,13.3,0.0,57.0,13.85,0.0,2405.0,0x0000000000000000,64.2,58.85,62.0,,541
2026-09-30T15:38:38,14.1,1.08837890625,96.9,13.3,0.0,66.0,51.73,92.0,2483.0,0x0000000000000000,78.8,57.85,63.0,2,545
2026-09-30T15:38:48,22.6,3.4228515625,97.2,13.3,0.0,61.0,14.52,0.0,2405.0,0x0000000000000000,77.7,58.85,65.0,,539
2026-09-30T15:38:58,1.8,2.9697265625,97.2,12.6,0.0,58.0,13.95,0.0,2405.0,0x0000000000000000,62.5,59.85,63.0,,540
2026-09-30T15:39:08,4.6,2.73974609375,97.0,13.3,0.0,57.0,13.84,0.0,2405.0,0x0000000000000000,61.2,59.85,62.0,2,542
2026-09-30T15:39:18,4.2,2.3916015625,97.0,13.3,0.0,56.0,15.27,0.0,2405.0,0x0000000000000000,65.7,57.85,61.0,,546
2026-09-30T15:39:28,24.7,4.1728515625,97.0,13.3,0.0,67.0,52.07,91.0,2483.0,0x0000000000000000,80.6,57.85,63.0,,545
2026-09-30T15:39:38,5.0,4.34130859375,97.0,13.3,0.0,58.0,14.01,0.0,2405.0,0x0000000000000000,61.9,58.85,63.0,2,545
2026-09-30T15:39:48,0.4,3.673828125,97.0,13.3,0.0,56.0,13.74,0.0,2405.0,0x0000000000000000,59.8,57.85,61.0,,544
2026-09-30T15:39:58,0.4,3.26220703125,97.0,13.3,0.0,55.0,13.69,0.0,2405.0,0x0000000000000000,58.7,57.85,61.0,,546
2026-09-30T15:40:09,26.8,4.435546875,97.0,13.3,0.0,66.0,51.9,93.0,2483.0,0x0000000000000000,78.7,57.85,63.0,2,546
2026-09-30T15:40:19,15.2,3.66796875,97.0,13.3,0.0,66.0,52.06,94.0,2483.0,0x0000000000000000,77.3,57.85,64.0,,546
2026-09-30T15:40:29,14.6,3.263671875,97.0,13.3,0.0,67.0,51.76,94.0,2483.0,0x0000000000000000,76.6,57.85,65.0,,546
2026-09-30T15:40:39,14.7,3.72265625,97.0,13.3,0.0,67.0,51.95,93.0,2483.0,0x0000000000000000,77.4,57.85,65.0,2,546
2026-09-30T15:40:49,15.2,3.31005859375,97.0,13.3,0.0,67.0,51.76,94.0,2483.0,0x0000000000000000,77.7,58.85,65.0,,546
2026-09-30T15:40:59,14.8,2.880859375,97.0,13.3,0.0,67.0,52.03,93.0,2483.0,0x0000000000000000,78.2,58.85,65.0,,547
2026-09-30T15:41:09,14.3,2.59130859375,97.0,13.3,0.0,67.0,50.25,93.0,2483.0,0x0000000000000000,77.2,58.85,65.0,2,544
2026-09-30T15:41:19,15.0,2.27294921875,97.0,13.3,0.0,67.0,50.06,92.0,2483.0,0x0000000000000000,76.3,58.85,65.0,,544
2026-09-30T15:41:29,9.9,1.92333984375,97.0,13.3,0.0,60.0,14.24,0.0,2405.0,0x0000000000000000,63.8,58.85,65.0,,544
2026-09-30T15:41:40,19.4,3.59814453125,97.0,13.3,0.0,68.0,51.45,92.0,2476.0,0x0000000000000000,81.4,59.85,65.0,2,544
2026-09-30T15:41:50,10.7,3.04443359375,97.0,13.3,0.0,60.0,14.34,0.0,2405.0,0x0000000000000000,64.0,58.85,65.0,,544
2026-09-30T15:42:00,14.8,4.1298828125,97.0,13.3,0.0,61.0,14.62,0.0,2405.0,0x0000000000000000,69.5,59.85,65.0,,544
2026-09-30T15:42:10,15.0,3.64794921875,97.1,13.3,0.0,62.0,14.71,0.0,2405.0,0x0000000000000000,69.2,58.85,65.0,2,544
2026-09-30T15:42:20,14.2,3.31396484375,97.0,13.3,0.0,62.0,14.71,0.0,2398.0,0x0000000000000000,70.1,59.85,65.0,,542
2026-09-30T15:42:30,14.4,3.10498046875,97.0,13.3,0.0,63.0,14.82,0.0,2392.0,0x0000000000000000,70.0,58.85,66.0,,544
2026-09-30T15:42:40,4.1,2.626953125,97.0,13.3,0.0,66.0,50.54,93.0,2483.0,0x0000000000000000,71.9,59.85,64.0,2,544
2026-09-30T15:42:50,13.5,2.29638671875,97.1,13.3,0.0,66.0,46.69,91.0,2476.0,0x0000000000000000,70.6,59.85,64.0,,544
2026-09-30T15:43:00,14.5,2.09033203125,97.0,13.3,0.0,67.0,50.22,91.0,2476.0,0x0000000000000000,72.8,59.85,65.0,,544
2026-09-30T15:43:10,9.0,1.99609375,97.2,13.3,0.0,60.0,14.27,0.0,2405.0,0x0000000000000000,63.0,59.85,65.0,2,541
2026-09-30T15:43:21,2.9,1.6884765625,97.2,12.7,0.0,58.0,13.97,0.0,2405.0,0x0000000000000000,63.2,59.85,63.0,,544
2026-09-30T15:43:31,4.6,1.5087890625,96.9,13.3,0.0,58.0,13.99,0.0,2405.0,0x0000000000000000,76.5,59.85,62.0,,544
2026-09-30T15:43:41,7.8,1.51708984375,97.1,13.3,0.0,66.0,51.85,94.0,2483.0,0x0000000000000000,76.6,59.85,62.0,2,547
2026-09-30T15:43:51,6.6,1.357421875,97.3,13.3,0.0,58.0,14.02,0.0,2405.0,0x0000000000000000,61.4,59.85,63.0,,544
2026-09-30T15:44:01,3.2,1.76416015625,97.2,12.8,0.0,57.0,13.93,0.0,2405.0,0x0000000000000000,62.8,59.85,62.0,,551
2026-09-30T15:44:11,4.8,1.64599609375,97.2,13.3,0.0,57.0,13.82,0.0,2405.0,0x0000000000000000,59.8,58.85,61.0,2,549
2026-09-30T15:44:21,16.3,1.54638671875,97.1,13.3,0.0,66.0,51.9,93.0,2483.0,0x0000000000000000,78.7,58.85,63.0,,551
2026-09-30T15:44:31,10.0,1.4560546875,97.3,13.3,0.0,59.0,14.0,0.0,2405.0,0x0000000000000000,62.0,58.85,63.0,,544
2026-09-30T15:44:41,2.7,1.23193359375,97.3,12.7,0.0,57.0,13.8,0.0,2405.0,0x0000000000000000,62.7,58.85,62.0,2,549
2026-09-30T15:44:51,5.4,1.1220703125,97.2,13.3,0.0,56.0,13.75,0.0,2405.0,0x0000000000000000,67.5,58.85,61.0,,547
2026-09-30T15:45:01,17.0,1.18310546875,97.1,13.3,0.0,65.0,51.45,92.0,2476.0,0x0000000000000000,77.4,58.85,62.0,,549
2026-09-30T15:45:12,24.0,2.75048828125,97.4,13.3,0.0,61.0,14.46,0.0,2405.0,0x0000000000000000,71.1,58.85,65.0,2,549
2026-09-30T15:45:22,1.3,2.3271484375,97.4,13.3,0.0,58.0,14.03,0.0,2405.0,0x0000000000000000,60.9,58.85,63.0,,542
2026-09-30T15:45:32,2.9,1.96875,97.4,12.7,0.0,57.0,13.84,0.0,2405.0,0x0000000000000000,61.4,58.85,62.0,,548
2026-09-30T15:45:42,2.8,1.8134765625,97.2,13.3,0.0,56.0,13.78,0.0,2405.0,0x0000000000000000,58.8,59.85,61.0,2,547
2026-09-30T15:45:52,4.3,1.60791015625,97.1,13.3,0.0,55.0,13.67,0.0,2405.0,0x0000000000000000,62.1,58.85,60.0,,549
2026-09-30T15:46:02,16.4,3.208984375,97.3,13.3,0.0,58.0,14.02,0.0,2405.0,0x0000000000000000,66.2,57.85,63.0,,546
2026-09-30T15:46:12,1.4,2.794921875,97.4,12.6,0.0,56.0,13.84,0.0,2405.0,0x0000000000000000,65.9,57.85,61.0,0,543
2026-09-30T15:46:22,0.7,2.36474609375,97.5,12.6,0.0,55.0,13.73,0.0,2405.0,0x0000000000000000,58.2,57.85,60.0,,533
2026-09-30T15:46:32,0.2,2.0009765625,97.5,12.6,0.0,54.0,13.62,0.0,2405.0,0x0000000000000000,57.7,57.85,60.0,,534
2026-09-30T15:46:42,0.2,1.77294921875,97.5,12.6,0.0,54.0,13.52,0.0,2405.0,0x0000000000000000,56.8,57.85,59.0,0,533
2026-09-30T15:46:52,0.2,1.5,97.5,12.6,0.0,53.0,13.43,0.0,2405.0,0x0000000000000000,55.8,57.85,58.0,,534
2026-09-30T15:47:02,0.2,1.26904296875,97.5,12.6,0.0,53.0,13.28,0.0,2411.0,0x0000000000000000,55.7,56.85,58.0,,533
2026-09-30T15:47:13,0.3,1.0732421875,97.5,12.6,0.0,52.0,13.26,0.0,2411.0,0x0000000000000000,54.8,56.85,57.0,0,534
2026-09-30T15:47:23,0.5,0.98828125,97.5,12.6,0.0,52.0,13.39,0.0,2418.0,0x0000000000000000,54.8,55.85,57.0,,532
2026-09-30T15:47:33,1.0,0.9833984375,97.5,12.6,0.0,52.0,13.49,2.0,2418.0,0x0000000000000000,54.6,55.85,57.0,,530
2026-09-30T15:47:43,0.9,0.90576171875,97.4,12.6,0.0,51.0,13.42,2.0,2418.0,0x0000000000000000,53.8,55.85,57.0,0,530
2026-09-30T15:47:53,0.6,0.76611328125,97.5,12.6,0.0,51.0,13.36,2.0,2418.0,0x0000000000000000,53.8,55.85,56.0,,529
2026-09-30T15:48:03,1.1,0.64794921875,114.6,12.2,0.0,50.0,6.67,0.0,292.0,0x0000000000000000,53.0,54.85,56.0,,523
2026-09-30T15:48:13,0.6,0.5478515625,114.6,12.2,0.0,49.0,6.08,0.0,266.0,0x0000000000000000,51.8,54.85,55.0,0,524
2026-09-30T15:48:23,0.3,0.46337890625,114.6,12.2,0.0,49.0,5.72,0.0,208.0,0x0000000000000000,50.8,54.85,54.0,,524
2026-09-30T15:48:33,0.2,0.39208984375,114.6,12.2,0.0,48.0,5.54,0.0,208.0,0x0000000000000004,50.8,53.85,54.0,,524
2026-09-30T15:48:43,0.2,0.49169921875,114.6,12.2,0.0,48.0,5.62,0.0,208.0,0x0000000000000000,49.8,53.85,53.0,0,525
2026-09-30T15:48:53,0.2,0.41552734375,114.6,12.2,0.0,47.0,5.53,0.0,208.0,0x0000000000000000,49.8,53.85,53.0,,515
2026-09-30T15:49:04,0.2,0.42529296875,114.6,12.2,0.0,47.0,5.56,0.0,208.0,0x0000000000000000,48.8,52.85,53.0,,515
2026-09-30T15:49:14,0.1,0.359375,114.6,12.2,0.0,46.0,5.49,0.0,208.0,0x0000000000000000,48.8,52.85,53.0,0,515
2026-09-30T15:49:24,0.2,0.4150390625,114.6,12.2,0.0,46.0,5.47,0.0,208.0,0x0000000000000000,48.8,52.85,52.0,,515
2026-09-30T15:49:34,0.2,0.3505859375,114.6,12.2,0.0,46.0,5.49,0.0,208.0,0x0000000000000000,47.8,52.85,52.0,,514
2026-09-30T15:49:44,0.2,0.29638671875,114.6,12.2,0.0,46.0,5.5,0.0,208.0,0x0000000000000004,47.8,51.85,51.0,0,515
2026-09-30T15:49:54,0.3,0.25048828125,114.6,12.2,0.0,46.0,5.57,0.0,208.0,0x0000000000000000,47.8,51.85,51.0,,513
2026-09-30T15:50:04,0.2,0.21142578125,114.6,12.2,0.0,45.0,5.45,0.0,208.0,0x0000000000000004,47.8,51.85,51.0,,514
2026-09-30T15:50:14,0.2,0.1787109375,114.6,12.2,0.0,45.0,5.45,0.0,208.0,0x0000000000000000,47.8,50.85,51.0,0,513
2026-09-30T15:50:24,0.2,0.15087890625,114.6,12.2,0.0,45.0,5.48,0.0,227.0,0x0000000000000000,46.8,50.85,51.0,,515
2026-09-30T15:50:34,0.2,0.12744140625,114.6,12.2,0.0,45.0,5.46,0.0,227.0,0x0000000000000000,46.8,50.85,51.0,,510
2026-09-30T15:50:44,0.2,0.107421875,114.6,12.2,0.0,45.0,5.49,0.0,208.0,0x0000000000000000,46.8,50.85,51.0,0,512
2026-09-30T15:50:55,0.2,0.09033203125,114.6,12.2,0.0,44.0,5.42,0.0,208.0,0x0000000000000004,46.8,49.85,50.0,,511
2026-09-30T15:51:05,0.2,0.076171875,114.6,12.2,0.0,44.0,5.41,0.0,208.0,0x0000000000000000,46.8,49.85,50.0,,511
2026-09-30T15:51:15,0.2,0.06396484375,114.6,12.2,0.0,44.0,5.41,0.0,208.0,0x0000000000000000,46.0,49.85,50.0,0,506
2026-09-30T15:51:25,0.2,0.0537109375,114.6,12.2,0.0,44.0,5.41,0.0,208.0,0x0000000000000004,45.8,49.85,50.0,,508
2026-09-30T15:51:35,0.2,0.044921875,114.6,12.2,0.0,44.0,5.47,0.0,208.0,0x0000000000000000,45.8,48.85,50.0,,507
2026-09-30T15:51:45,0.2,0.03759765625,114.6,12.2,0.0,44.0,5.39,0.0,208.0,0x0000000000000000,45.8,48.85,50.0,0,509
2026-09-30T15:51:55,0.2,0.03125,114.6,12.2,0.0,44.0,5.43,0.0,208.0,0x0000000000000000,45.8,48.85,50.0,,508
2026-09-30T15:52:05,0.2,0.02587890625,114.6,12.2,0.0,44.0,5.38,0.0,208.0,0x0000000000000000,45.8,48.85,49.0,,509
2026-09-30T15:52:15,0.2,0.021484375,114.6,12.2,0.0,43.0,5.37,0.0,208.0,0x0000000000000004,45.8,48.85,49.0,0,508
2026-09-30T15:52:25,0.2,0.017578125,114.6,12.2,0.0,43.0,5.45,0.0,208.0,0x0000000000000000,45.8,48.85,49.0,,509
2026-09-30T15:52:35,0.2,0.0146484375,114.6,12.2,0.0,43.0,5.38,0.0,208.0,0x0000000000000004,45.2,48.85,49.0,,508
2026-09-30T15:52:45,0.2,0.01171875,114.6,12.2,0.0,43.0,5.39,0.0,214.0,0x0000000000000000,45.0,48.85,49.0,0,509
2026-09-30T15:52:56,0.2,0.009765625,114.6,12.2,0.0,43.0,5.38,0.0,208.0,0x0000000000000000,44.8,47.85,49.0,,508
2026-09-30T15:53:06,0.2,0.0078125,114.6,12.2,0.0,43.0,5.37,0.0,208.0,0x0000000000000004,44.8,47.85,48.0,,509
2026-09-30T15:53:16,0.2,0.005859375,114.6,12.2,0.0,43.0,5.45,0.0,208.0,0x0000000000000000,44.8,47.85,48.0,0,508
2026-09-30T15:53:26,0.2,0.0048828125,114.6,12.2,0.0,43.0,5.36,0.0,208.0,0x0000000000000000,44.8,46.85,48.0,,509
2026-09-30T15:53:36,0.2,0.00390625,114.6,12.2,0.0,43.0,5.42,0.0,208.0,0x0000000000000000,44.8,46.85,48.0,,508
2026-09-30T15:53:46,0.2,0.0029296875,114.6,12.2,0.0,43.0,5.35,0.0,208.0,0x0000000000000004,44.8,46.85,48.0,0,507
2026-09-30T15:53:56,0.2,0.08251953125,114.6,12.2,0.0,42.0,5.34,0.0,208.0,0x0000000000000000,44.8,46.85,48.0,,507
2026-09-30T15:54:06,0.2,0.0693359375,114.6,12.2,0.0,42.0,5.43,0.0,208.0,0x0000000000000000,44.7,46.85,48.0,,508
2026-09-30T15:54:16,0.2,0.05810546875,114.6,12.2,0.0,42.0,5.35,0.0,208.0,0x0000000000000000,44.7,46.85,48.0,0,507
2026-09-30T15:54:26,0.2,0.048828125,114.6,12.2,0.0,42.0,5.4,0.0,208.0,0x0000000000000000,44.6,46.85,48.0,,508
2026-09-30T15:54:36,0.2,0.04052734375,114.6,12.2,0.0,42.0,5.33,0.0,208.0,0x0000000000000004,44.1,46.85,48.0,,508
2026-09-30T15:54:47,0.2,0.03369140625,114.6,12.2,0.0,42.0,5.32,0.0,208.0,0x0000000000000004,43.8,46.85,48.0,0,508
2026-09-30T15:54:57,0.1,0.02783203125,114.6,12.2,0.0,42.0,5.33,0.0,208.0,0x0000000000000000,43.8,45.85,48.0,,507
2026-09-30T15:55:07,0.2,0.02294921875,114.6,12.2,0.0,42.0,5.34,0.0,208.0,0x0000000000000000,43.8,45.85,48.0,,508
2026-09-30T15:55:17,0.2,0.01904296875,114.6,12.2,0.0,42.0,5.39,0.0,208.0,0x0000000000000000,43.8,45.85,47.0,0,507
2026-09-30T15:55:27,0.2,0.015625,114.6,12.2,0.0,42.0,5.33,0.0,208.0,0x0000000000000004,43.8,45.85,48.0,,507
2026-09-30T15:55:37,0.2,0.0126953125,114.6,12.2,0.0,42.0,5.34,0.0,208.0,0x0000000000000000,43.8,45.85,47.0,,507
2026-09-30T15:55:47,0.2,0.01025390625,114.6,12.2,0.0,42.0,5.32,0.0,208.0,0x0000000000000000,43.8,45.85,47.0,0,508
2026-09-30T15:55:57,0.2,0.00830078125,114.6,12.2,0.0,42.0,5.31,0.0,208.0,0x0000000000000004,43.8,45.85,47.0,,506
2026-09-30T15:56:07,0.2,0.00634765625,114.6,12.2,0.0,42.0,5.4,0.0,208.0,0x0000000000000000,43.8,45.85,47.0,,507
2026-09-30T15:56:17,0.2,0.0048828125,114.6,12.2,0.0,42.0,5.33,0.0,208.0,0x0000000000000004,43.8,45.85,47.0,0,507
2026-09-30T15:56:27,0.2,0.00390625,114.6,12.2,0.0,42.0,5.35,0.0,208.0,0x0000000000000000,43.8,44.85,47.0,,507
2026-09-30T15:56:38,0.2,0.0029296875,114.6,12.2,0.0,42.0,5.33,0.0,208.0,0x0000000000000000,43.8,45.85,47.0,,506
2026-09-30T15:56:48,0.2,0.001953125,114.6,12.2,0.0,41.0,5.32,0.0,208.0,0x0000000000000004,43.8,44.85,47.0,0,506
2026-09-30T15:56:58,0.2,0.0009765625,114.6,12.2,0.0,41.0,5.37,0.0,208.0,0x0000000000000000,43.8,44.85,47.0,,507
2026-09-30T15:57:08,0.2,0.07421875,114.6,12.2,0.0,41.0,5.31,0.0,208.0,0x0000000000000004,43.8,44.85,47.0,,506
2026-09-30T15:57:18,0.2,0.06201171875,114.6,12.2,0.0,41.0,5.33,0.0,208.0,0x0000000000000000,43.8,44.85,47.0,0,507
2026-09-30T15:57:28,0.2,0.0517578125,114.6,12.2,0.0,41.0,5.28,0.0,208.0,0x0000000000000004,43.8,44.85,47.0,,506
2026-09-30T15:57:38,0.2,0.04345703125,114.6,12.2,0.0,41.0,5.27,0.0,208.0,0x0000000000000004,43.3,44.85,47.0,,507
2026-09-30T15:57:48,0.2,0.0361328125,114.6,12.2,0.0,41.0,5.35,0.0,208.0,0x0000000000000000,43.7,44.85,47.0,0,506
2026-09-30T15:57:58,0.3,0.0302734375,114.7,12.2,0.0,41.0,5.31,0.0,208.0,0x0000000000000000,43.4,44.85,46.0,,507
2026-09-30T15:58:08,0.2,0.025390625,114.6,12.2,0.0,41.0,5.32,0.0,214.0,0x0000000000000000,43.6,44.85,47.0,,505
2026-09-30T15:58:18,0.2,0.02099609375,114.6,12.2,0.0,41.0,5.3,0.0,208.0,0x0000000000000000,42.8,44.85,46.0,0,506
2026-09-30T15:58:29,0.2,0.01708984375,114.6,12.2,0.0,41.0,5.26,0.0,208.0,0x0000000000000004,42.8,44.85,47.0,,505
2026-09-30T15:58:39,0.2,0.08837890625,114.6,12.2,0.0,41.0,5.34,0.0,208.0,0x0000000000000000,42.8,44.85,46.0,,506
2026-09-30T15:58:49,0.2,0.1484375,114.6,12.2,0.0,41.0,5.29,0.0,208.0,0x0000000000000000,42.8,44.85,46.0,0,506
2026-09-30T15:58:59,0.2,0.19921875,114.6,12.2,0.0,41.0,5.35,0.0,208.0,0x0000000000000000,42.8,44.85,46.0,,503
2026-09-30T15:59:09,0.2,0.37109375,114.6,12.2,0.0,41.0,5.27,0.0,208.0,0x0000000000000000,42.8,44.85,46.0,,503
2026-09-30T15:59:19,0.2,0.31396484375,114.6,12.2,0.0,41.0,5.26,0.0,208.0,0x0000000000000000,42.8,43.85,46.0,0,502
2026-09-30T15:59:29,0.2,0.26513671875,114.7,12.2,0.0,41.0,5.26,0.0,208.0,0x0000000000000000,42.8,43.85,46.0,,504
2026-09-30T15:59:39,0.2,0.22412109375,114.7,12.2,0.0,41.0,5.28,0.0,208.0,0x0000000000000004,42.8,43.85,46.0,,505
2026-09-30T15:59:49,0.2,0.189453125,114.7,12.2,0.0,41.0,5.35,0.0,208.0,0x0000000000000000,42.8,44.85,46.0,0,506
2026-09-30T15:59:59,0.2,0.15966796875,114.7,12.2,0.0,41.0,5.27,0.0,208.0,0x0000000000000004,42.8,43.85,46.0,,506
2026-09-30T16:00:09,0.2,0.13427734375,114.7,12.2,0.0,41.0,5.28,0.0,214.0,0x0000000000000004,42.8,43.85,46.0,,507
2026-09-30T16:00:19,0.2,0.11279296875,114.7,12.2,0.0,41.0,5.27,0.0,208.0,0x0000000000000000,42.8,43.85,46.0,0,508
2026-09-30T16:00:30,0.2,0.09521484375,114.7,12.2,0.0,41.0,5.25,0.0,208.0,0x0000000000000000,42.8,43.85,46.0,,509
2026-09-30T16:00:40,0.1,0.080078125,114.7,12.2,0.0,41.0,5.33,0.0,208.0,0x0000000000000000,42.8,43.85,46.0,,509
2026-09-30T16:00:50,0.2,0.06689453125,114.7,12.2,0.0,41.0,5.27,0.0,208.0,0x0000000000000004,42.8,43.85,46.0,0,510
2026-09-30T16:01:00,0.2,0.05615234375,114.7,12.2,0.0,41.0,5.31,0.0,208.0,0x0000000000000000,42.8,43.85,46.0,,509
2026-09-30T16:01:10,0.2,0.046875,114.7,12.2,0.0,41.0,5.28,0.0,208.0,0x0000000000000000,42.8,43.85,46.0,,511
2026-09-30T16:01:20,0.2,0.0390625,114.7,12.2,0.0,41.0,5.26,0.0,208.0,0x0000000000000004,42.8,43.85,46.0,0,509
2026-09-30T16:01:30,0.2,0.03271484375,114.7,12.2,0.0,41.0,5.33,0.0,208.0,0x0000000000000000,42.8,43.85,46.0,,510
2026-09-30T16:01:40,0.2,0.02734375,114.7,12.2,0.0,41.0,5.26,0.0,208.0,0x0000000000000000,42.8,43.85,46.0,,509
2026-09-30T16:01:50,0.2,0.0224609375,114.7,12.2,0.0,41.0,5.29,0.0,240.0,0x0000000000000000,42.8,43.85,46.0,0,510
2026-09-30T16:02:00,0.2,0.0185546875,114.7,12.2,0.0,41.0,5.29,0.0,208.0,0x0000000000000000,42.8,43.85,46.0,,509
2026-09-30T16:02:10,0.2,0.01513671875,114.7,12.2,0.0,41.0,5.26,0.0,208.0,0x0000000000000004,42.8,43.85,46.0,,510
2026-09-30T16:02:21,0.2,0.01220703125,114.7,12.2,0.0,41.0,5.33,0.0,208.0,0x0000000000000000,42.8,43.85,46.0,0,509
2026-09-30T16:02:31,0.2,0.009765625,114.7,12.2,0.0,41.0,5.27,0.0,208.0,0x0000000000000000,42.8,43.85,46.0,,510
2026-09-30T16:02:41,0.2,0.0078125,114.7,12.2,0.0,41.0,5.31,0.0,208.0,0x0000000000000000,42.8,43.85,46.0,,511
2026-09-30T16:02:51,0.2,0.005859375,114.7,12.2,0.0,41.0,5.26,0.0,208.0,0x0000000000000000,42.8,43.85,46.0,0,511
2026-09-30T16:03:01,0.2,0.0048828125,114.7,12.2,0.0,41.0,5.32,0.0,208.0,0x0000000000000000,42.8,43.85,46.0,,510
2026-09-30T16:03:11,0.2,0.00390625,114.7,12.2,0.0,41.0,5.25,0.0,208.0,0x0000000000000000,42.8,43.85,46.0,,511
2026-09-30T16:03:21,0.2,0.08349609375,114.7,12.2,0.0,41.0,5.26,0.0,208.0,0x0000000000000004,42.8,43.85,46.0,0,510
2026-09-30T16:03:31,0.2,0.0703125,114.7,12.2,0.0,41.0,5.33,0.0,208.0,0x0000000000000000,42.8,43.85,46.0,,514
2026-09-30T16:03:41,0.2,0.05908203125,114.7,12.2,0.0,41.0,5.26,0.0,208.0,0x0000000000000004,42.8,43.85,46.0,,513
2026-09-30T16:03:51,0.2,0.0498046875,114.7,12.2,0.0,41.0,5.25,0.0,208.0,0x0000000000000000,42.8,42.85,46.0,0,514
2026-09-30T16:04:01,0.2,0.04150390625,114.7,12.2,0.0,41.0,5.33,0.0,208.0,0x0000000000000000,42.8,43.85,46.0,,513
2026-09-30T16:04:11,0.2,0.03466796875,114.7,12.2,0.0,41.0,5.26,0.0,208.0,0x0000000000000000,42.8,43.85,46.0,,514
2026-09-30T16:04:22,0.2,0.02880859375,114.7,12.2,0.0,41.0,5.29,0.0,208.0,0x0000000000000000,42.8,43.85,46.0,0,513
2026-09-30T16:04:32,0.2,0.02392578125,114.7,12.2,0.0,41.0,5.23,0.0,208.0,0x0000000000000004,42.7,43.85,46.0,,514
2026-09-30T16:04:42,0.2,0.02001953125,114.7,12.2,0.0,40.0,5.25,0.0,208.0,0x0000000000000000,42.7,43.85,46.0,,513
2026-09-30T16:04:52,0.2,0.0166015625,114.7,12.2,0.0,40.0,5.25,0.0,208.0,0x0000000000000000,42.1,43.85,45.0,0,513
2026-09-30T16:05:02,0.2,0.013671875,114.7,12.2,0.0,40.0,5.26,0.0,208.0,0x0000000000000000,42.7,42.85,46.0,,512
2026-09-30T16:05:12,0.2,0.0107421875,114.7,12.2,0.0,40.0,5.31,0.0,208.0,0x0000000000000000,42.7,42.85,45.0,,512
2026-09-30T16:05:22,0.2,0.0087890625,114.7,12.2,0.0,40.0,5.24,0.0,208.0,0x0000000000000000,42.5,42.85,46.0,0,508
2026-09-30T16:05:32,0.2,0.0068359375,114.7,12.2,0.0,40.0,5.26,0.0,208.0,0x0000000000000004,42.2,42.85,45.0,,509
2026-09-30T16:05:42,0.2,0.00537109375,114.7,12.2,0.0,40.0,5.24,0.0,208.0,0x0000000000000000,42.7,42.85,46.0,,508
2026-09-30T16:05:52,0.2,0.00439453125,114.7,12.2,0.0,40.0,5.24,0.0,208.0,0x0000000000000004,42.6,42.85,46.0,0,508
2026-09-30T16:06:02,0.2,0.00341796875,114.7,12.2,0.0,40.0,5.33,0.0,208.0,0x0000000000000000,42.6,42.85,46.0,,507
2026-09-30T16:06:13,0.2,0.00244140625,114.7,12.2,0.0,40.0,5.25,0.0,208.0,0x0000000000000004,42.7,42.85,46.0,,509
2026-09-30T16:06:23,0.2,0.00146484375,114.7,12.2,0.0,40.0,5.27,0.0,208.0,0x0000000000000000,42.2,42.85,45.0,0,506
2026-09-30T16:06:33,0.2,0.00048828125,114.7,12.2,0.0,40.0,5.25,0.0,208.0,0x0000000000000000,42.3,42.85,45.0,,507
2026-09-30T16:06:43,0.2,0.0,114.7,12.2,0.0,40.0,5.22,0.0,208.0,0x0000000000000004,42.0,42.85,45.0,,507
2026-09-30T16:06:53,0.2,0.0,114.7,12.2,0.0,40.0,5.28,0.0,208.0,0x0000000000000000,41.8,42.85,45.0,0,508
2026-09-30T16:07:03,0.2,0.0,114.7,12.2,0.0,40.0,5.24,0.0,208.0,0x0000000000000000,42.4,42.85,45.0,,509
2026-09-30T16:07:13,0.2,0.0,114.7,12.2,0.0,40.0,5.28,0.0,208.0,0x0000000000000000,41.8,42.85,46.0,,510
2026-09-30T16:07:23,0.2,0.0,114.7,12.2,0.0,40.0,5.24,0.0,208.0,0x0000000000000004,41.9,42.85,45.0,0,509
2026-09-30T16:07:33,0.2,0.0,114.7,12.2,0.0,40.0,5.22,0.0,208.0,0x0000000000000004,41.8,42.85,45.0,,510
2026-09-30T16:07:43,0.2,0.0,114.7,12.2,0.0,40.0,5.3,0.0,208.0,0x0000000000000000,42.3,42.85,45.0,,509
2026-09-30T16:07:53,0.2,0.0,114.7,12.2,0.0,40.0,5.26,0.0,208.0,0x0000000000000000,41.8,42.85,46.0,0,507
2026-09-30T16:08:03,0.2,0.0,114.7,12.2,0.0,40.0,5.3,0.0,208.0,0x0000000000000000,41.8,42.85,46.0,,508
2026-09-30T16:08:14,0.2,0.0,114.7,12.2,0.0,40.0,5.26,0.0,208.0,0x0000000000000000,41.8,42.85,46.0,,509
2026-09-30T16:08:24,0.1,0.0,114.7,12.2,0.0,40.0,5.25,0.0,208.0,0x0000000000000004,41.8,42.85,45.0,0,508
2026-09-30T16:08:34,0.2,0.0732421875,114.7,12.2,0.0,40.0,5.24,0.0,208.0,0x0000000000000000,41.8,42.85,45.0,,507
2026-09-30T16:08:44,0.2,0.13525390625,114.7,12.2,0.0,40.0,5.26,0.0,208.0,0x0000000000000000,41.8,42.85,45.0,,507
2026-09-30T16:08:54,0.2,0.25341796875,114.7,12.2,0.0,40.0,5.31,0.0,208.0,0x0000000000000000,41.8,42.85,45.0,0,509
2026-09-30T16:09:04,0.2,0.2138671875,114.7,12.2,0.0,40.0,5.25,0.0,208.0,0x0000000000000000,41.8,42.85,46.0,,508
2026-09-30T16:09:14,0.2,0.18017578125,114.7,12.2,0.0,40.0,5.25,0.0,208.0,0x0000000000000000,41.8,42.85,46.0,,509
2026-09-30T16:09:24,0.2,0.15185546875,114.7,12.2,0.0,40.0,5.25,0.0,208.0,0x0000000000000000,41.8,42.85,45.0,0,508
2026-09-30T16:09:34,0.2,0.12841796875,114.7,12.2,0.0,40.0,5.24,0.0,208.0,0x0000000000000004,41.8,42.85,45.0,,509
2026-09-30T16:09:44,0.2,0.10791015625,114.7,12.2,0.0,40.0,5.33,0.0,208.0,0x0000000000000000,41.8,42.85,46.0,,508
2026-09-30T16:09:54,0.2,0.0908203125,114.7,12.2,0.0,40.0,5.24,0.0,208.0,0x0000000000000004,41.8,42.85,45.0,0,509
2026-09-30T16:10:05,0.2,0.07666015625,114.7,12.2,0.0,40.0,5.28,0.0,208.0,0x0000000000000000,41.8,42.85,45.0,,507
2026-09-30T16:10:15,0.2,0.064453125,114.7,12.2,0.0,40.0,5.25,0.0,208.0,0x0000000000000000,41.8,42.85,45.0,,509
2026-09-30T16:10:25,0.2,0.05419921875,114.7,12.2,0.0,40.0,5.24,0.0,208.0,0x0000000000000000,41.8,42.85,45.0,0,510
2026-09-30T16:10:35,0.2,0.04541015625,114.7,12.2,0.0,40.0,5.31,0.0,208.0,0x0000000000000000,41.8,42.85,45.0,,509
2026-09-30T16:10:45,0.2,0.11865234375,114.7,12.2,0.0,40.0,5.25,0.0,208.0,0x0000000000000004,41.8,42.85,45.0,,510
2026-09-30T16:10:55,0.2,0.10009765625,114.7,12.2,0.0,40.0,5.27,0.0,208.0,0x0000000000000000,41.8,42.85,45.0,0,509
2026-09-30T16:11:05,0.2,0.083984375,114.7,12.2,0.0,40.0,5.26,0.0,208.0,0x0000000000000000,41.8,42.85,45.0,,511
2026-09-30T16:11:15,0.2,0.07080078125,114.7,12.2,0.0,40.0,5.24,0.0,208.0,0x0000000000000004,41.8,42.85,45.0,,509
2026-09-30T16:11:25,0.2,0.0595703125,114.7,12.2,0.0,40.0,5.31,0.0,208.0,0x0000000000000000,41.8,42.85,46.0,0,511
2026-09-30T16:11:35,0.2,0.05029296875,114.7,12.2,0.0,40.0,5.26,0.0,208.0,0x0000000000000000,41.8,42.85,45.0,,510
2026-09-30T16:11:45,0.2,0.0419921875,114.7,12.2,0.0,40.0,5.31,0.0,240.0,0x0000000000000000,41.8,42.85,45.0,,510
2026-09-30T16:11:55,0.2,0.03515625,114.7,12.2,0.0,40.0,5.26,0.0,208.0,0x0000000000000000,41.8,42.85,45.0,0,509
2026-09-30T16:12:06,0.2,0.029296875,114.7,12.2,0.0,40.0,5.24,0.0,208.0,0x0000000000000004,41.8,42.85,45.0,,510
2026-09-30T16:12:16,0.1,0.0244140625,114.7,12.2,0.0,40.0,5.25,0.0,208.0,0x0000000000000000,41.8,42.85,46.0,,508
2026-09-30T16:12:26,0.2,0.02001953125,114.7,12.2,0.0,40.0,5.25,0.0,208.0,0x0000000000000000,41.8,42.85,45.0,0,510
2026-09-30T16:12:36,0.2,0.0166015625,114.7,12.2,0.0,40.0,5.35,0.0,208.0,0x0000000000000000,41.8,42.85,45.0,,509
2026-09-30T16:12:46,0.2,0.013671875,114.7,12.2,0.0,40.0,5.26,0.0,208.0,0x0000000000000004,41.8,42.85,45.0,,510
2026-09-30T16:12:56,0.2,0.0107421875,114.7,12.2,0.0,40.0,5.26,0.0,208.0,0x0000000000000004,41.8,42.85,45.0,0,509
2026-09-30T16:13:06,0.2,0.0087890625,114.7,12.2,0.0,40.0,5.27,0.0,208.0,0x0000000000000000,41.8,42.85,46.0,,510
2026-09-30T16:13:16,0.2,0.0068359375,114.7,12.2,0.0,40.0,5.25,0.0,208.0,0x0000000000000000,41.8,42.85,45.0,,509
2026-09-30T16:13:26,0.2,0.0859375,114.7,12.2,0.0,40.0,5.32,0.0,208.0,0x0000000000000000,41.8,42.85,45.0,0,508
2026-09-30T16:13:36,0.2,0.072265625,114.7,12.2,0.0,40.0,5.26,0.0,208.0,0x0000000000000004,41.8,42.85,45.0,,508
2026-09-30T16:13:46,0.2,0.06103515625,114.7,12.2,0.0,40.0,5.25,0.0,208.0,0x0000000000000000,41.8,42.85,46.0,,510
2026-09-30T16:13:57,0.2,0.05078125,114.7,12.2,0.0,40.0,5.32,0.0,208.0,0x0000000000000000,41.8,42.85,45.0,0,506
2026-09-30T16:14:07,0.2,0.04248046875,114.7,12.2,0.0,40.0,5.25,0.0,208.0,0x0000000000000000,41.8,41.85,45.0,,506
2026-09-30T16:14:17,0.2,0.03564453125,114.7,12.2,0.0,40.0,5.32,0.0,208.0,0x0000000000000000,41.8,42.85,45.0,,507
2026-09-30T16:14:27,0.2,0.02978515625,114.7,12.2,0.0,40.0,5.24,0.0,208.0,0x0000000000000000,41.8,42.85,45.0,0,505
2026-09-30T16:14:37,0.2,0.02490234375,114.7,12.2,0.0,40.0,5.28,0.0,208.0,0x0000000000000004,41.8,42.85,45.0,,506
2026-09-30T16:14:47,0.2,0.0205078125,114.7,12.2,0.0,40.0,5.25,0.0,208.0,0x0000000000000000,41.8,42.85,45.0,,505
2026-09-30T16:14:57,0.2,0.0166015625,114.7,12.2,0.0,40.0,5.25,0.0,208.0,0x0000000000000004,41.8,42.85,45.0,0,507
2026-09-30T16:15:07,0.2,0.013671875,114.7,12.2,0.0,40.0,5.31,0.0,208.0,0x0000000000000000,41.8,42.85,45.0,,506
2026-09-30T16:15:17,0.2,0.0107421875,114.7,12.2,0.0,40.0,5.26,0.0,208.0,0x0000000000000000,41.8,42.85,45.0,,508
2026-09-30T16:15:27,0.2,0.0087890625,114.7,12.2,0.0,40.0,5.27,0.0,214.0,0x0000000000000000,41.8,42.85,45.0,0,507
2026-09-30T16:15:37,0.2,0.08740234375,114.7,12.2,0.0,40.0,5.24,0.0,208.0,0x0000000000000000,41.8,42.85,46.0,,506
2026-09-30T16:15:47,0.2,0.0732421875,114.7,12.2,0.0,40.0,5.23,0.0,208.0,0x0000000000000004,41.8,42.85,45.0,,505
2026-09-30T16:15:58,0.2,0.0615234375,114.7,12.2,0.0,40.0,5.3,0.0,208.0,0x0000000000000000,41.8,42.85,45.0,0,507
2026-09-30T16:16:08,0.1,0.05126953125,114.7,12.2,0.0,40.0,5.24,0.0,208.0,0x0000000000000004,41.8,42.85,45.0,,506
2026-09-30T16:16:18,0.2,0.04296875,114.7,12.2,0.0,40.0,5.28,0.0,208.0,0x0000000000000000,41.8,42.85,45.0,,507
2026-09-30T16:16:28,0.2,0.1162109375,114.7,12.2,0.0,40.0,5.22,0.0,208.0,0x0000000000000004,41.8,42.85,45.0,0,506
2026-09-30T16:16:38,0.2,0.09765625,114.7,12.2,0.0,40.0,5.22,0.0,208.0,0x0000000000000000,41.8,42.85,45.0,,504
2026-09-30T16:16:48,0.2,0.08203125,114.7,12.2,0.0,40.0,5.27,0.0,208.0,0x0000000000000000,41.8,42.85,45.0,,503
2026-09-30T16:16:58,0.2,0.06884765625,114.7,12.2,0.0,40.0,5.24,0.0,208.0,0x0000000000000000,41.8,42.85,45.0,0,505
2026-09-30T16:17:08,0.2,0.1318359375,114.7,12.2,0.0,40.0,5.28,0.0,208.0,0x0000000000000000,41.8,42.85,45.0,,505
2026-09-30T16:17:18,0.2,0.111328125,114.7,12.2,0.0,40.0,5.25,0.0,208.0,0x0000000000000004,41.8,41.85,45.0,,505
2026-09-30T16:17:28,0.2,0.09375,114.7,12.2,0.0,40.0,5.22,0.0,208.0,0x0000000000000000,41.8,42.85,45.0,0,504
2026-09-30T16:17:38,0.2,0.07861328125,114.7,12.2,0.0,40.0,5.3,0.0,208.0,0x0000000000000000,41.8,42.85,45.0,,505
2026-09-30T16:17:49,0.2,0.06640625,114.7,12.2,0.0,40.0,5.23,0.0,208.0,0x0000000000000000,41.8,42.85,45.0,,504
2026-09-30T16:17:59,0.2,0.0556640625,114.7,12.2,0.0,40.0,5.31,0.0,208.0,0x0000000000000000,41.8,42.85,45.0,0,506
2026-09-30T16:18:09,0.2,0.04638671875,114.7,12.2,0.0,40.0,5.24,0.0,208.0,0x0000000000000004,41.8,42.85,45.0,,506
2026-09-30T16:18:19,0.2,0.0390625,114.7,12.2,0.0,40.0,5.23,0.0,208.0,0x0000000000000000,41.8,42.85,45.0,,506
2026-09-30T16:18:29,0.2,0.1064453125,114.7,12.2,0.0,40.0,5.23,0.0,208.0,0x0000000000000000,41.8,42.85,45.0,0,508
2026-09-30T16:18:39,0.2,0.16357421875,114.7,12.2,0.0,40.0,5.23,0.0,208.0,0x0000000000000004,41.8,42.85,45.0,,507
2026-09-30T16:18:49,0.2,0.21240234375,114.7,12.2,0.0,40.0,5.31,0.0,208.0,0x0000000000000000,41.8,42.85,45.0,,506
2026-09-30T16:18:59,0.2,0.30078125,114.7,12.2,0.0,40.0,5.25,0.0,208.0,0x0000000000000004,41.8,42.85,45.0,0,505
2026-09-30T16:19:09,0.2,0.25390625,114.7,12.2,0.0,40.0,5.24,0.0,208.0,0x0000000000000000,41.8,42.85,45.0,,506
2026-09-30T16:19:19,0.2,0.21435546875,114.7,12.2,0.0,40.0,5.24,0.0,208.0,0x0000000000000000,41.8,42.85,45.0,,505
2026-09-30T16:19:29,0.2,0.1806640625,114.7,12.2,0.0,40.0,5.24,0.0,208.0,0x0000000000000004,41.8,42.85,45.0,0,506
2026-09-30T16:19:39,0.2,0.15234375,114.7,12.2,0.0,40.0,5.3,0.0,208.0,0x0000000000000000,41.8,42.85,45.0,,505
2026-09-30T16:19:50,0.2,0.12890625,114.7,12.2,0.0,40.0,5.24,0.0,208.0,0x0000000000000004,41.8,42.85,45.0,,506
2026-09-30T16:20:00,0.1,0.1083984375,114.7,12.2,0.0,40.0,5.3,0.0,208.0,0x0000000000000004,41.8,42.85,45.0,0,504
2026-09-30T16:20:10,0.2,0.09130859375,114.7,12.2,0.0,40.0,5.25,0.0,208.0,0x0000000000000000,41.8,42.85,45.0,,505
2026-09-30T16:20:20,0.2,0.0771484375,114.7,12.2,0.0,40.0,5.24,0.0,208.0,0x0000000000000000,41.8,42.85,45.0,,505
2026-09-30T16:20:30,0.2,0.06494140625,114.7,12.2,0.0,40.0,5.29,0.0,208.0,0x0000000000000000,41.8,42.85,45.0,0,505
2026-09-30T16:20:40,0.2,0.0546875,114.7,12.2,0.0,40.0,5.23,0.0,208.0,0x0000000000000000,41.8,41.85,45.0,,505
2026-09-30T16:20:50,0.2,0.0458984375,114.7,12.2,0.0,40.0,5.26,0.0,214.0,0x0000000000000000,41.8,41.85,45.0,,506
2026-09-30T16:21:00,0.2,0.03857421875,114.7,12.2,0.0,40.0,5.27,0.0,214.0,0x0000000000000000,41.8,42.85,45.0,0,505
2026-09-30T16:21:10,0.2,0.1064453125,114.6,12.2,0.0,40.0,5.23,0.0,208.0,0x0000000000000004,41.8,42.85,45.0,,506
2026-09-30T16:21:20,0.2,0.08935546875,114.7,12.2,0.0,40.0,5.32,0.0,208.0,0x0000000000000000,41.8,41.85,45.0,,507
2026-09-30T16:21:30,0.2,0.0751953125,114.6,12.2,0.0,40.0,5.23,0.0,208.0,0x0000000000000000,41.8,42.85,45.0,0,508
2026-09-30T16:21:40,0.2,0.06298828125,114.7,12.2,0.0,40.0,5.26,0.0,208.0,0x0000000000000000,41.8,41.85,45.0,,507
2026-09-30T16:21:51,0.2,0.052734375,114.7,12.2,0.0,40.0,5.24,0.0,208.0,0x0000000000000000,41.8,42.85,45.0,,508
2026-09-30T16:22:01,0.2,0.04443359375,114.7,12.2,0.0,40.0,5.29,0.0,208.0,0x0000000000000000,41.8,42.85,45.0,0,509
2026-09-30T16:22:11,0.2,0.037109375,114.7,12.2,0.0,40.0,5.23,0.0,208.0,0x0000000000000000,41.8,41.85,45.0,,506
2026-09-30T16:22:21,0.2,0.03076171875,114.7,12.2,0.0,40.0,5.25,0.0,208.0,0x0000000000000004,41.8,41.85,45.0,,507
2026-09-30T16:22:31,0.2,0.025390625,114.7,12.2,0.0,40.0,5.3,0.0,208.0,0x0000000000000000,41.8,41.85,45.0,0,506
2026-09-30T16:22:41,0.2,0.02099609375,114.7,12.2,0.0,40.0,5.22,0.0,208.0,0x0000000000000004,41.8,42.85,45.0,,506
2026-09-30T16:22:51,0.2,0.09765625,114.7,12.2,0.0,40.0,5.23,0.0,208.0,0x0000000000000000,41.8,42.85,45.0,,505
2026-09-30T16:23:01,0.2,0.08203125,114.7,12.2,0.0,40.0,5.32,0.0,208.0,0x0000000000000000,41.8,42.85,45.0,0,507
2026-09-30T16:23:11,0.2,0.06884765625,114.7,12.2,0.0,40.0,5.23,0.0,208.0,0x0000000000000000,41.8,42.85,45.0,,505
2026-09-30T16:23:21,0.2,0.0576171875,114.7,12.2,0.0,40.0,5.28,0.0,208.0,0x0000000000000000,41.8,41.85,45.0,,506
2026-09-30T16:23:31,0.2,0.04833984375,114.7,12.2,0.0,40.0,5.23,0.0,208.0,0x0000000000000004,41.8,41.85,45.0,0,505
2026-09-30T16:23:42,0.2,0.11474609375,114.7,12.2,0.0,40.0,5.24,0.0,208.0,0x0000000000000000,41.8,41.85,45.0,,507
2026-09-30T16:23:52,0.1,0.0966796875,114.7,12.2,0.0,40.0,5.23,0.0,208.0,0x0000000000000000,41.8,42.85,45.0,,505
2026-09-30T16:24:02,0.2,0.08154296875,114.7,12.2,0.0,40.0,5.24,0.0,208.0,0x0000000000000000,41.8,42.85,45.0,0,506
2026-09-30T16:24:12,0.2,0.068359375,114.7,12.2,0.0,40.0,5.3,0.0,208.0,0x0000000000000000,41.8,41.85,45.0,,505
2026-09-30T16:24:22,0.2,0.05712890625,114.7,12.2,0.0,40.0,5.23,0.0,208.0,0x0000000000000000,41.8,42.85,45.0,,507
2026-09-30T16:24:32,0.2,0.0478515625,114.7,12.2,0.0,40.0,5.25,0.0,208.0,0x0000000000000000,41.8,42.85,45.0,0,507
2026-09-30T16:24:42,0.2,0.0400390625,114.7,12.2,0.0,40.0,5.22,0.0,208.0,0x0000000000000000,41.8,41.85,45.0,,508
2026-09-30T16:24:52,0.2,0.033203125,114.7,12.2,0.0,40.0,5.22,0.0,208.0,0x0000000000000004,41.8,42.85,45.0,,508
2026-09-30T16:25:02,0.2,0.02783203125,114.7,12.2,0.0,40.0,5.27,0.0,208.0,0x0000000000000000,41.8,41.85,45.0,0,509
2026-09-30T16:25:12,0.2,0.02294921875,114.7,12.2,0.0,40.0,5.21,0.0,208.0,0x0000000000000000,41.8,42.85,45.0,,508
2026-09-30T16:25:22,0.2,0.01904296875,114.7,12.2,0.0,40.0,5.26,1.0,208.0,0x0000000000000000,41.8,42.85,45.0,,507
2026-09-30T16:25:33,0.2,0.015625,114.7,12.2,0.0,40.0,5.24,0.0,208.0,0x0000000000000000,41.8,41.85,45.0,0,506
2026-09-30T16:25:43,0.2,0.0126953125,114.7,12.2,0.0,40.0,5.22,0.0,208.0,0x0000000000000004,41.8,41.85,45.0,,506
2026-09-30T16:25:53,0.2,0.01025390625,114.7,12.2,0.0,40.0,5.22,0.0,208.0,0x0000000000000000,41.8,41.85,45.0,,507
2026-09-30T16:26:03,0.2,0.00830078125,114.7,12.2,0.0,40.0,5.23,0.0,208.0,0x0000000000000000,41.8,42.85,45.0,0,504
2026-09-30T16:26:13,0.2,0.00634765625,114.7,12.2,0.0,40.0,5.27,0.0,208.0,0x0000000000000000,41.8,41.85,45.0,,505
2026-09-30T16:26:23,0.2,0.0048828125,114.7,12.2,0.0,40.0,5.22,0.0,208.0,0x0000000000000004,41.8,42.85,45.0,,505
2026-09-30T16:26:33,0.2,0.00390625,114.7,12.2,0.0,40.0,5.24,0.0,208.0,0x0000000000000000,41.8,41.85,45.0,0,504
2026-09-30T16:26:43,0.2,0.0029296875,114.7,12.2,0.0,40.0,5.3,0.0,208.0,0x0000000000000000,41.8,42.85,45.0,,503
2026-09-30T16:26:53,0.2,0.001953125,114.7,12.2,0.0,40.0,5.22,0.0,208.0,0x0000000000000000,41.8,41.85,45.0,,504
2026-09-30T16:27:03,0.2,0.0009765625,114.7,12.2,0.0,40.0,5.28,0.0,208.0,0x0000000000000000,41.8,41.85,45.0,0,502
2026-09-30T16:27:13,0.2,0.0,114.7,12.2,0.0,40.0,5.23,0.0,208.0,0x0000000000000004,41.8,41.85,45.0,,503
2026-09-30T16:27:23,0.2,0.0,114.7,12.2,0.0,40.0,5.25,0.0,208.0,0x0000000000000000,41.8,41.85,45.0,,503
2026-09-30T16:27:34,0.2,0.0,114.7,12.2,0.0,40.0,5.29,0.0,208.0,0x0000000000000000,41.8,41.85,45.0,0,505
2026-09-30T16:27:44,0.1,0.0,114.7,12.2,0.0,40.0,5.22,0.0,208.0,0x0000000000000000,41.8,41.85,45.0,,504
2026-09-30T16:27:54,0.2,0.0,114.7,12.2,0.0,40.0,5.29,0.0,208.0,0x0000000000000000,41.8,41.85,45.0,,505
2026-09-30T16:28:04,0.2,0.0,114.7,12.2,0.0,40.0,5.23,0.0,208.0,0x0000000000000000,41.8,42.85,45.0,0,504
2026-09-30T16:28:14,0.2,0.0,114.7,12.2,0.0,40.0,5.23,0.0,214.0,0x0000000000000004,41.8,42.85,45.0,,504
2026-09-30T16:28:24,0.2,0.0732421875,114.7,12.2,0.0,40.0,5.22,0.0,208.0,0x0000000000000000,41.8,41.85,45.0,,503
2026-09-30T16:28:34,0.2,0.13525390625,114.7,12.2,0.0,40.0,5.22,0.0,208.0,0x0000000000000004,41.8,41.85,45.0,0,505
2026-09-30T16:28:44,0.2,0.25341796875,114.7,12.2,0.0,40.0,5.3,0.0,208.0,0x0000000000000000,41.8,41.85,45.0,,503
2026-09-30T16:28:54,0.2,0.2138671875,114.7,12.2,0.0,40.0,5.24,0.0,208.0,0x0000000000000004,41.8,41.85,45.0,,504
2026-09-30T16:29:04,0.2,0.18017578125,114.7,12.2,0.0,40.0,5.27,0.0,208.0,0x0000000000000000,41.8,41.85,45.0,0,503
2026-09-30T16:29:14,0.2,0.15185546875,114.7,12.2,0.0,40.0,5.23,0.0,208.0,0x0000000000000000,41.8,41.85,45.0,,505
2026-09-30T16:29:25,0.2,0.12841796875,114.7,12.2,0.0,40.0,5.23,0.0,208.0,0x0000000000000004,41.8,41.85,45.0,,505
2026-09-30T16:29:35,0.4,0.10791015625,114.7,12.2,0.0,40.0,5.78,1.0,377.0,0x0000000000000000,41.8,41.85,45.0,0,506
2026-09-30T16:29:45,0.7,0.0908203125,114.7,12.2,0.0,40.0,5.79,2.0,208.0,0x0000000000000000,41.8,41.85,45.0,,504
2026-09-30T16:29:55,0.6,0.07666015625,114.7,12.2,0.0,40.0,6.0,1.0,338.0,0x0000000000000000,41.8,41.85,45.0,,503
2026-09-30T16:30:05,0.7,0.064453125,114.6,12.2,0.0,40.0,6.04,2.0,357.0,0x0000000000000000,42.5,41.85,45.0,0,504
2026-09-30T16:30:15,0.8,0.05419921875,114.6,12.2,0.0,40.0,5.8,3.0,312.0,0x0000000000000000,42.6,41.85,45.0,,505
2026-09-30T16:30:25,0.7,0.04541015625,114.6,12.2,0.0,41.0,5.99,0.0,409.0,0x0000000000000000,42.7,42.85,45.0,,508
2026-09-30T16:30:35,0.6,0.11181640625,114.6,12.2,0.0,40.0,5.24,0.0,208.0,0x0000000000000000,42.0,41.85,45.0,0,507
2026-09-30T16:30:45,0.2,0.09423828125,114.6,12.2,0.0,40.0,5.26,0.0,208.0,0x0000000000000000,41.8,42.85,45.0,,508
2026-09-30T16:30:55,0.2,0.0791015625,114.6,12.2,0.0,40.0,5.23,0.0,208.0,0x0000000000000004,41.8,42.85,45.0,,508
2026-09-30T16:31:05,0.2,0.06689453125,114.6,12.2,0.0,40.0,5.22,0.0,208.0,0x0000000000000004,41.8,41.85,45.0,0,509
2026-09-30T16:31:15,0.2,0.13671875,114.6,12.2,0.0,40.0,5.31,0.0,208.0,0x0000000000000000,41.8,42.85,45.0,,508
2026-09-30T16:31:26,0.2,0.115234375,114.6,12.2,0.0,40.0,5.23,0.0,208.0,0x0000000000000000,41.8,42.85,45.0,,508
2026-09-30T16:31:36,0.2,0.17138671875,114.6,12.2,0.0,40.0,5.28,0.0,208.0,0x0000000000000000,41.8,42.85,45.0,0,507
2026-09-30T16:31:46,0.2,0.14453125,114.6,12.2,0.0,40.0,5.23,0.0,208.0,0x0000000000000000,41.8,42.85,45.0,,508
2026-09-30T16:31:56,0.2,0.1220703125,114.6,12.2,0.0,40.0,5.23,0.0,208.0,0x0000000000000004,41.8,42.85,45.0,,507
2026-09-30T16:32:06,0.2,0.1025390625,114.6,12.2,0.0,40.0,5.24,0.0,208.0,0x0000000000000000,41.8,42.85,45.0,0,508
2026-09-30T16:32:16,0.2,0.08642578125,114.6,12.2,0.0,40.0,5.24,0.0,208.0,0x0000000000000000,41.8,42.85,45.0,,508
2026-09-30T16:32:26,0.2,0.07275390625,114.6,12.2,0.0,40.0,5.3,0.0,208.0,0x0000000000000000,41.8,41.85,45.0,,509
2026-09-30T16:32:36,0.2,0.0615234375,114.6,12.2,0.0,40.0,5.25,0.0,208.0,0x0000000000000004,41.8,42.85,45.0,0,506
2026-09-30T16:32:46,0.2,0.05126953125,114.6,12.2,0.0,40.0,5.24,0.0,208.0,0x0000000000000000,41.8,42.85,45.0,,507
2026-09-30T16:32:56,0.2,0.04296875,114.6,12.2,0.0,40.0,5.26,0.0,208.0,0x0000000000000000,41.8,41.85,45.0,,507
2026-09-30T16:33:06,0.2,0.03564453125,114.6,12.2,0.0,40.0,5.24,0.0,208.0,0x0000000000000004,41.8,42.85,45.0,0,507
2026-09-30T16:33:17,0.2,0.02978515625,114.6,12.2,0.0,40.0,5.29,0.0,208.0,0x0000000000000000,41.8,42.85,45.0,,506
2026-09-30T16:33:27,0.2,0.02490234375,114.6,12.2,0.0,40.0,5.23,0.0,208.0,0x0000000000000004,41.8,42.85,45.0,,507
2026-09-30T16:33:37,0.2,0.0205078125,114.6,12.2,0.0,40.0,5.27,0.0,208.0,0x0000000000000000,41.8,42.85,45.0,0,506
2026-09-30T16:33:47,0.5,0.0166015625,114.6,12.2,0.0,40.0,5.42,0.0,208.0,0x0000000000000000,41.8,41.85,45.0,,505
2026-09-30T16:33:57,0.4,0.013671875,114.6,12.2,0.0,40.0,5.77,2.0,318.0,0x0000000000000000,42.4,42.85,45.0,,506
2026-09-30T16:34:07,0.5,0.0107421875,114.6,12.2,0.0,40.0,7.0,1.0,591.0,0x0000000000000000,42.3,42.85,45.0,0,505
2026-09-30T16:34:17,0.8,0.15673828125,114.6,12.2,0.0,40.0,5.93,0.0,208.0,0x0000000000000000,42.3,41.85,45.0,,506
2026-09-30T16:34:27,0.7,0.20654296875,114.6,12.2,0.0,41.0,6.08,2.0,344.0,0x0000000000000000,42.7,42.85,45.0,,505
2026-09-30T16:34:37,0.4,0.17431640625,114.6,12.2,0.0,40.0,5.24,0.0,208.0,0x0000000000000000,41.8,41.85,45.0,0,506
2026-09-30T16:34:47,0.2,0.14697265625,114.6,12.2,0.0,40.0,5.23,0.0,208.0,0x0000000000000004,41.9,42.85,45.0,,504
2026-09-30T16:34:57,0.2,0.12353515625,114.6,12.2,0.0,40.0,5.3,0.0,208.0,0x0000000000000000,42.2,42.85,45.0,,507
2026-09-30T16:35:07,0.2,0.10400390625,114.6,12.2,0.0,40.0,5.25,0.0,208.0,0x0000000000000000,41.8,41.85,45.0,0,507
2026-09-30T16:35:18,0.2,0.08740234375,114.6,12.2,0.0,40.0,5.28,0.0,208.0,0x0000000000000000,41.8,42.85,45.0,,507
2026-09-30T16:35:28,0.2,0.0732421875,114.6,12.2,0.0,40.0,5.24,0.0,208.0,0x0000000000000000,41.8,41.85,45.0,,504
2026-09-30T16:35:38,0.3,0.0615234375,114.6,12.2,0.0,40.0,5.47,0.0,260.0,0x0000000000000000,41.9,42.85,45.0,0,506
2026-09-30T16:35:48,0.7,0.05126953125,114.6,12.2,0.0,41.0,6.07,2.0,357.0,0x0000000000000000,42.7,42.85,45.0,,505
2026-09-30T16:35:58,0.9,0.04296875,114.6,12.2,0.0,41.0,6.03,2.0,422.0,0x0000000000000000,42.7,41.85,45.0,,512
2026-09-30T16:36:08,0.7,0.18359375,114.6,12.2,0.0,41.0,5.99,2.0,409.0,0x0000000000000000,42.7,42.85,45.0,0,507
2026-09-30T16:36:18,14.1,0.2353515625,113.8,12.6,0.0,42.0,5.97,3.0,312.0,0x0000000000000000,55.4,42.85,46.0,,617
2026-09-30T16:36:28,16.2,0.8818359375,112.4,15.0,0.0,42.0,5.99,4.0,286.0,0x0000000000000000,50.1,45.85,47.0,,609
2026-09-30T16:36:38,23.0,2.02490234375,112.6,17.3,0.0,44.0,5.96,0.0,299.0,0x0000000000000000,65.1,45.85,48.0,16,609
2026-09-30T16:36:48,23.7,2.0947265625,112.0,17.6,0.0,45.0,5.37,0.0,208.0,0x0000000000000000,65.2,44.85,49.0,,624
2026-09-30T16:36:58,7.3,1.91943359375,112.3,17.6,0.0,44.0,5.49,0.0,208.0,0x0000000000000000,56.1,43.85,49.0,,622
2026-09-30T16:37:08,8.4,1.8583984375,113.3,16.9,0.0,44.0,5.38,0.0,208.0,0x0000000000000004,53.5,45.85,49.0,14,618
2026-09-30T16:37:18,13.6,1.72021484375,113.5,16.9,0.0,44.0,5.38,0.0,208.0,0x0000000000000000,53.6,46.85,49.0,,615
2026-09-30T16:37:29,19.1,2.064453125,113.0,14.8,0.0,45.0,5.49,0.0,208.0,0x0000000000000000,59.0,46.85,49.0,,660
2026-09-30T16:37:39,13.8,1.74658203125,112.5,15.5,0.0,45.0,5.44,0.0,208.0,0x0000000000000000,52.6,46.85,50.0,16,634
2026-09-30T16:37:49,18.6,1.93994140625,112.5,17.4,0.0,46.0,5.47,0.0,208.0,0x0000000000000000,67.7,46.85,50.0,,628
2026-09-30T16:37:59,20.8,2.78564453125,112.3,17.6,0.0,46.0,5.4,0.0,208.0,0x0000000000000004,67.4,44.85,50.0,,636
2026-09-30T16:38:09,9.1,3.267578125,112.3,17.2,0.0,46.0,5.43,0.0,208.0,0x0000000000000004,53.5,45.85,50.0,16,641
2026-09-30T16:38:19,11.3,3.14599609375,112.8,17.6,0.0,46.0,5.4,0.0,208.0,0x0000000000000000,61.4,45.85,50.0,,634
2026-09-30T16:38:29,9.8,2.9765625,112.7,16.5,0.0,46.0,5.45,0.0,208.0,0x0000000000000000,54.5,48.85,50.0,,631
2026-09-30T16:38:39,14.3,3.2744140625,112.9,16.6,0.0,46.0,5.51,0.0,208.0,0x0000000000000000,56.2,47.85,50.0,16,670
2026-09-30T16:38:49,12.2,3.15771484375,113.1,16.8,0.0,46.0,5.46,0.0,208.0,0x0000000000000000,57.5,48.85,51.0,,667
2026-09-30T16:38:59,21.1,3.5888671875,112.6,16.1,0.0,47.0,5.43,0.0,208.0,0x0000000000000000,66.3,48.85,51.0,,679
2026-09-30T16:39:09,10.1,3.42431640625,112.6,17.2,0.0,46.0,5.45,0.0,208.0,0x0000000000000000,53.0,48.85,51.0,16,638
2026-09-30T16:39:19,19.9,3.66064453125,113.3,16.3,0.0,47.0,5.47,0.0,208.0,0x0000000000000004,65.7,47.85,51.0,,673
2026-09-30T16:39:29,14.1,4.38671875,112.5,16.6,0.0,47.0,5.55,0.0,208.0,0x0000000000000000,55.7,49.85,52.0,,638
2026-09-30T16:39:39,17.4,4.314453125,112.8,17.6,0.0,47.0,5.44,0.0,208.0,0x0000000000000004,66.9,46.85,52.0,16,637
2026-09-30T16:39:49,14.6,4.19873046875,113.1,16.4,0.0,47.0,5.49,0.0,208.0,0x0000000000000000,60.4,48.85,52.0,,635
2026-09-30T16:40:00,15.1,4.09423828125,113.3,16.4,0.0,47.0,5.44,0.0,208.0,0x0000000000000000,57.9,49.85,52.0,,633
2026-09-30T16:40:10,20.5,4.59521484375,113.1,16.3,0.0,48.0,5.44,0.0,208.0,0x0000000000000004,63.6,49.85,53.0,15,670
2026-09-30T16:40:20,13.9,4.484375,113.0,16.2,0.0,48.0,5.57,0.0,208.0,0x0000000000000000,61.3,49.85,53.0,,623
2026-09-30T16:40:30,14.4,4.095703125,113.0,16.3,0.0,48.0,5.47,0.0,208.0,0x0000000000000004,64.7,47.85,53.0,,627
2026-09-30T16:40:40,5.4,3.619140625,113.2,15.6,0.0,47.0,5.53,0.0,214.0,0x0000000000000000,50.3,46.85,52.0,10,614
2026-09-30T16:40:50,6.3,3.302734375,113.7,14.9,0.0,47.0,5.46,0.0,208.0,0x0000000000000000,57.9,47.85,51.0,,601
2026-09-30T16:41:00,4.2,3.169921875,114.0,14.3,0.0,46.0,5.5,0.0,208.0,0x0000000000000004,49.5,47.85,51.0,,587
2026-09-30T16:41:10,2.4,2.82958984375,114.2,12.9,0.0,46.0,5.51,0.0,208.0,0x0000000000000000,48.5,46.85,50.0,2,569
2026-09-30T16:41:20,0.7,2.39404296875,114.2,12.9,0.0,45.0,5.42,0.0,208.0,0x0000000000000000,46.9,47.85,50.0,,567
2026-09-30T16:41:30,0.5,2.025390625,114.2,12.9,0.0,44.0,5.43,0.0,208.0,0x0000000000000000,46.8,46.85,50.0,,566
2026-09-30T16:41:40,1.0,1.71337890625,114.2,12.9,0.0,44.0,6.09,2.0,403.0,0x0000000000000000,46.6,46.85,49.0,2,567
2026-09-30T16:41:50,0.9,1.44970703125,114.2,12.9,0.0,44.0,6.17,0.0,429.0,0x0000000000000000,46.2,46.85,49.0,,565
2026-09-30T16:42:00,0.8,1.2265625,114.2,12.9,0.0,44.0,6.19,4.0,312.0,0x0000000000000000,45.8,46.85,49.0,,566
2026-09-30T16:42:11,1.5,1.03759765625,114.2,13.0,0.0,44.0,6.41,2.0,409.0,0x0000000000000000,47.0,46.85,49.0,2,568
2026-09-30T16:42:21,3.7,1.025390625,114.2,13.0,0.0,44.0,6.2,2.0,351.0,0x0000000000000000,46.1,46.85,49.0,,565
2026-09-30T16:42:31,0.7,0.8671875,114.1,13.0,0.0,44.0,5.53,0.0,253.0,0x0000000000000000,45.8,46.85,49.0,,562
2026-09-30T16:42:41,0.4,0.7333984375,114.1,13.0,0.0,43.0,5.44,0.0,208.0,0x0000000000000000,45.4,45.85,48.0,2,562
2026-09-30T16:42:51,3.1,0.6201171875,114.4,13.0,0.0,43.0,5.39,0.0,208.0,0x0000000000000000,52.2,45.85,48.0,,555
2026-09-30T16:43:01,0.9,0.5244140625,114.5,12.3,0.0,43.0,5.43,0.0,208.0,0x0000000000000000,46.2,46.85,48.0,,555
2026-09-30T16:43:11,15.3,0.89892578125,113.8,12.8,0.0,44.0,5.47,0.0,208.0,0x0000000000000000,55.1,46.85,49.0,16,641
2026-09-30T16:43:21,12.8,1.1552734375,112.2,14.7,0.0,45.0,5.43,0.0,208.0,0x0000000000000004,51.0,48.85,49.0,,636
2026-09-30T16:43:31,18.2,1.5869140625,112.7,17.3,0.0,45.0,5.39,0.0,208.0,0x0000000000000000,58.8,49.85,50.0,,633
2026-09-30T16:43:41,28.6,2.49951171875,112.2,17.6,0.0,47.0,5.44,0.0,208.0,0x0000000000000000,68.7,46.85,51.0,16,648
2026-09-30T16:43:51,7.5,2.2685546875,112.3,17.6,0.0,46.0,5.44,0.0,208.0,0x0000000000000000,57.4,47.85,51.0,,644
2026-09-30T16:44:01,7.6,2.2265625,113.0,17.6,0.0,46.0,5.52,0.0,208.0,0x0000000000000000,58.1,46.85,50.0,,640
2026-09-30T16:44:12,8.9,1.95751953125,112.8,17.0,0.0,46.0,5.46,0.0,208.0,0x0000000000000004,53.6,49.85,50.0,15,632
2026-09-30T16:44:22,20.7,2.111328125,113.2,16.2,0.0,47.0,5.49,0.0,208.0,0x0000000000000000,58.1,49.85,51.0,,680
2026-09-30T16:44:32,19.7,2.84423828125,112.8,16.4,0.0,47.0,5.49,0.0,208.0,0x0000000000000000,70.7,49.85,51.0,,681
2026-09-30T16:44:42,21.6,3.16259765625,112.6,16.8,0.0,48.0,5.47,0.0,208.0,0x0000000000000004,67.5,48.85,52.0,16,687
2026-09-30T16:44:52,14.7,3.2919921875,112.7,16.9,0.0,48.0,5.54,0.0,208.0,0x0000000000000000,68.9,48.85,52.0,,678
2026-09-30T16:45:02,17.0,3.708984375,112.7,16.8,0.0,48.0,5.47,0.0,208.0,0x0000000000000000,62.3,49.85,53.0,,642
2026-09-30T16:45:12,12.1,6.72314453125,113.2,17.6,0.0,48.0,5.51,0.0,208.0,0x0000000000000004,64.9,49.85,53.0,16,629
2026-09-30T16:45:22,19.2,7.01904296875,113.1,16.0,0.0,48.0,5.5,0.0,208.0,0x0000000000000000,60.3,49.85,53.0,,643
2026-09-30T16:45:32,17.2,7.06396484375,112.9,16.7,0.0,48.0,5.5,0.0,208.0,0x0000000000000004,58.2,49.85,53.0,,636
2026-09-30T16:45:42,16.2,7.060546875,112.8,16.4,0.0,48.0,5.58,0.0,208.0,0x0000000000000000,64.5,50.85,53.0,15,680
2026-09-30T16:45:52,15.3,6.43603515625,112.5,17.3,0.0,48.0,5.51,0.0,208.0,0x0000000000000000,58.2,50.85,53.0,,639
2026-09-30T16:46:02,15.8,6.38818359375,112.8,17.0,0.0,48.0,5.53,0.0,214.0,0x0000000000000000,70.5,50.85,53.0,,680
2026-09-30T16:46:12,13.9,5.93408203125,113.2,17.6,0.0,48.0,5.55,0.0,208.0,0x0000000000000000,57.7,49.85,53.0,16,626
2026-09-30T16:46:22,16.6,5.48876953125,113.1,15.3,0.0,48.0,5.51,0.0,208.0,0x0000000000000004,59.7,50.85,53.0,,682
2026-09-30T16:46:32,14.9,4.95166015625,112.6,17.1,0.0,48.0,5.61,0.0,208.0,0x0000000000000000,59.2,51.85,53.0,,633
2026-09-30T16:46:43,23.3,5.42041015625,113.1,16.4,0.0,49.0,5.54,0.0,208.0,0x0000000000000004,70.6,51.85,54.0,15,677
2026-09-30T16:46:53,13.9,4.81396484375,112.6,16.7,0.0,49.0,5.53,0.0,214.0,0x0000000000000000,69.9,51.85,54.0,,630
2026-09-30T16:47:03,12.6,4.6083984375,113.0,16.3,0.0,49.0,5.51,0.0,208.0,0x0000000000000000,62.4,49.85,54.0,,708
2026-09-30T16:47:13,4.8,3.97314453125,112.9,16.3,0.0,48.0,5.51,0.0,208.0,0x0000000000000000,51.2,49.85,53.0,12,706
2026-09-30T16:47:23,4.7,3.5830078125,113.3,15.6,0.0,47.0,5.62,0.0,208.0,0x0000000000000000,51.3,48.85,53.0,,695
2026-09-30T16:47:33,3.8,3.11181640625,113.6,15.0,0.0,47.0,5.5,0.0,208.0,0x0000000000000000,59.7,49.85,52.0,,688
2026-09-30T16:47:43,5.7,2.78662109375,114.0,15.0,0.0,47.0,5.53,0.0,208.0,0x0000000000000000,50.0,48.85,52.0,8,677
2026-09-30T16:47:53,2.6,2.81298828125,114.1,13.6,0.0,46.0,5.47,0.0,208.0,0x0000000000000004,48.2,48.85,51.0,,655
2026-09-30T16:48:03,1.7,6.2109375,114.2,13.0,0.0,46.0,5.47,0.0,208.0,0x0000000000000004,50.9,48.85,51.0,,650
2026-09-30T16:48:13,3.1,5.255859375,114.4,13.0,0.0,45.0,5.56,0.0,208.0,0x0000000000000000,48.1,48.85,51.0,2,645
2026-09-30T16:48:23,1.8,4.5947265625,114.5,12.3,0.0,45.0,5.45,0.0,208.0,0x0000000000000000,52.4,48.85,50.0,,638
2026-09-30T16:48:33,14.0,4.71142578125,113.8,12.8,0.0,46.0,5.53,0.0,208.0,0x0000000000000000,54.3,48.85,50.0,,728
2026-09-30T16:48:44,12.5,4.44140625,112.2,14.7,0.0,46.0,5.47,0.0,208.0,0x0000000000000004,52.7,50.85,51.0,16,724
2026-09-30T16:48:54,22.2,4.29296875,113.0,17.4,0.0,47.0,5.44,0.0,208.0,0x0000000000000004,66.8,49.85,52.0,,722
2026-09-30T16:49:04,26.7,4.23486328125,112.1,17.7,0.0,48.0,5.51,0.0,208.0,0x0000000000000000,65.2,48.85,53.0,,740
2026-09-30T16:49:14,4.8,3.984375,112.2,17.7,0.0,47.0,5.53,0.0,208.0,0x0000000000000004,56.7,48.85,52.0,16,742
2026-09-30T16:49:24,3.6,3.37109375,112.4,17.7,0.0,47.0,5.56,0.0,201.0,0x0000000000000000,49.3,48.85,52.0,,732
2026-09-30T16:49:34,4.4,2.8525390625,112.3,17.1,0.0,46.0,5.49,0.0,208.0,0x0000000000000004,51.1,50.85,51.0,,737
2026-09-30T16:49:44,10.4,2.64111328125,112.9,17.6,0.0,46.0,5.49,0.0,208.0,0x0000000000000000,58.5,49.85,51.0,16,727
2026-09-30T16:49:54,13.2,2.923828125,113.5,16.3,0.0,47.0,5.46,0.0,208.0,0x0000000000000000,59.4,48.85,51.0,,711
2026-09-30T16:50:04,17.4,3.00927734375,113.1,15.0,0.0,47.0,5.47,0.0,208.0,0x0000000000000000,59.1,50.85,52.0,,751
2026-09-30T16:50:14,15.8,3.97900390625,112.9,15.0,0.0,48.0,5.58,0.0,208.0,0x0000000000000000,56.4,49.85,52.0,15,722
2026-09-30T16:50:24,16.1,3.7421875,112.6,15.7,0.0,48.0,5.48,0.0,208.0,0x0000000000000004,70.9,51.85,53.0,,765
2026-09-30T16:50:34,16.0,3.7822265625,112.4,17.3,0.0,48.0,5.52,0.0,208.0,0x0000000000000004,63.4,49.85,53.0,,730
2026-09-30T16:50:44,23.5,4.4521484375,112.6,17.7,0.0,49.0,5.51,0.0,208.0,0x0000000000000000,64.5,51.85,54.0,16,734
2026-09-30T16:50:55,9.1,3.99462890625,112.3,17.7,0.0,48.0,5.52,0.0,208.0,0x0000000000000004,55.7,49.85,53.0,,738
2026-09-30T16:51:05,12.3,4.6845703125,112.8,17.4,0.0,48.0,5.59,0.0,208.0,0x0000000000000000,57.2,51.85,53.0,,732
2026-09-30T16:51:15,14.8,4.86083984375,113.0,16.5,0.0,48.0,5.48,0.0,208.0,0x0000000000000004,67.1,50.85,53.0,16,734
2026-09-30T16:51:25,15.2,5.45556640625,113.1,16.3,0.0,48.0,5.55,0.0,208.0,0x0000000000000000,63.1,51.85,53.0,,765
2026-09-30T16:51:35,15.1,5.2314453125,112.5,16.7,0.0,48.0,5.57,0.0,208.0,0x0000000000000004,59.8,52.85,54.0,,772
2026-09-30T16:51:45,15.4,4.8818359375,112.7,17.4,0.0,49.0,5.55,0.0,208.0,0x0000000000000004,68.7,50.85,54.0,16,769
2026-09-30T16:51:55,10.9,4.67236328125,112.8,16.3,0.0,48.0,5.64,0.0,208.0,0x0000000000000000,61.4,51.85,54.0,,810
2026-09-30T16:52:05,14.7,4.1806640625,112.6,17.2,0.0,49.0,5.54,0.0,208.0,0x0000000000000000,57.9,50.85,54.0,,771
2026-09-30T16:52:15,16.4,4.7998046875,113.3,16.3,0.0,49.0,5.54,0.0,214.0,0x0000000000000000,65.9,51.85,54.0,14,802
2026-09-30T16:52:25,15.0,4.294921875,112.8,17.5,0.0,49.0,5.56,0.0,208.0,0x0000000000000000,55.6,51.85,54.0,,766
2026-09-30T16:52:35,19.2,4.32958984375,112.6,16.0,0.0,49.0,5.57,0.0,208.0,0x0000000000000004,69.1,51.85,54.0,,814
2026-09-30T16:52:45,10.1,3.8232421875,112.3,17.1,0.0,49.0,5.62,0.0,208.0,0x0000000000000000,57.4,52.85,54.0,16,772
2026-09-30T16:52:55,19.8,3.69580078125,113.5,17.5,0.0,49.0,5.57,0.0,208.0,0x0000000000000000,67.0,50.85,54.0,,755
2026-09-30T16:53:05,8.0,3.36083984375,113.3,15.0,0.0,49.0,5.6,0.0,208.0,0x0000000000000000,54.1,50.85,54.0,,733
2026-09-30T16:53:16,4.4,2.9169921875,113.5,15.0,0.0,48.0,5.56,0.0,208.0,0x0000000000000000,56.1,49.85,53.0,8,640
2026-09-30T16:53:26,1.4,2.4677734375,113.7,14.3,0.0,47.0,5.49,0.0,208.0,0x0000000000000004,49.8,49.85,53.0,,634
2026-09-30T16:53:36,0.7,2.087890625,113.6,14.3,0.0,46.0,5.48,0.0,208.0,0x0000000000000000,48.8,49.85,52.0,,629
2026-09-30T16:53:46,6.2,1.91357421875,114.2,14.3,0.0,46.0,5.49,0.0,208.0,0x0000000000000000,55.5,49.85,52.0,6,621
2026-09-30T16:53:56,2.9,1.77294921875,114.3,13.7,0.0,46.0,5.53,0.0,208.0,0x0000000000000000,48.3,49.85,51.0,,612
2026-09-30T16:54:06,2.7,1.5,114.5,12.3,0.0,46.0,5.45,0.0,208.0,0x0000000000000004,47.8,48.85,51.0,,590
2026-09-30T16:54:16,0.2,1.26904296875,114.5,12.3,0.0,45.0,5.44,0.0,208.0,0x0000000000000000,47.4,48.85,50.0,0,589
2026-09-30T16:54:26,0.2,1.0732421875,114.5,12.3,0.0,45.0,5.5,0.0,208.0,0x0000000000000000,46.8,48.85,50.0,,590
2026-09-30T16:54:36,0.2,0.9814453125,114.6,12.3,0.0,44.0,5.41,0.0,208.0,0x0000000000000000,46.8,48.85,50.0,,589
2026-09-30T16:54:46,1.0,0.830078125,114.5,12.3,0.0,45.0,6.1,2.0,253.0,0x0000000000000000,46.8,48.85,50.0,0,588
2026-09-30T16:54:56,0.7,0.70166015625,114.5,12.3,0.0,44.0,5.82,2.0,234.0,0x0000000000000000,46.7,47.85,50.0,,581
2026-09-30T16:55:07,1.4,0.59326171875,114.5,12.3,0.0,44.0,6.19,5.0,312.0,0x0000000000000000,46.6,47.85,50.0,,582
2026-09-30T16:55:17,0.7,0.50146484375,114.5,12.3,0.0,44.0,6.1,2.0,377.0,0x0000000000000000,46.0,47.85,49.0,0,576
2026-09-30T16:55:27,1.0,0.423828125,114.5,12.4,0.0,44.0,5.95,4.0,318.0,0x0000000000000000,45.8,47.85,49.0,,576
